6.391073608398437500e+01,-4.023214340209960938e+01,-5.737502288818359375e+01,3.369642639160156250e+01
6.453570556640625000e+01,-3.689286422729492188e+01,-5.917858123779296875e+01,3.153572463989257812e+01
6.796429443359375000e+01,-4.046429443359375000e+01,-4.739284515380859375e+01,1.989285278320312500e+01
1.061607055664062500e+02,-3.126786422729492188e+01,-2.553569793701171875e+00,-7.233929443359375000e+01
1.139821395874023438e+02,-2.894643020629882812e+01,1.019643020629882812e+01,-9.523217773437500000e+01
6.321427917480468750e+01,-4.150000000000000000e+01,-4.107143020629882812e+01,1.935716247558593750e+01
5.864286804199218750e+01,-4.235715484619140625e+01,-4.350001144409179688e+01,2.721429061889648438e+01
5.841072082519531250e+01,-4.337500000000000000e+01,-4.144643402099609375e+01,2.641072082519531250e+01
6.203569793701171875e+01,-4.389285278320312500e+01,-3.489285659790039062e+01,1.674997329711914062e+01
6.428572082519531250e+01,-4.364286041259765625e+01,-2.450000190734863281e+01,3.857139587402343750e+00
8.894641113281250000e+01,-3.762499237060546875e+01,2.660730361938476562e+00,-5.398212432861328125e+01
8.346428680419921875e+01,-4.024999237060546875e+01,-3.821414947509765625e+00,-3.939284133911132812e+01
6.396427536010742188e+01,-6.103572845458984375e+01,-1.510711288452148438e+01,1.217856502532958984e+01
5.455357742309570312e+01,4.839279174804687500e+00,-4.508929443359375000e+01,-1.430353832244873047e+01
5.691069412231445312e+01,-3.908929443359375000e+01,-2.251783752441406250e+01,4.696433067321777344e+00
-5.021428298950195312e+01,8.507143402099609375e+01,-3.621428680419921875e+01,1.357140541076660156e+00
-3.294642639160156250e+01,-4.744644165039062500e+01,2.676786804199218750e+01,5.362500000000000000e+01
-2.303570175170898438e+01,-4.189286041259765625e+01,3.717856216430664062e+01,2.774997711181640625e+01
1.212142791748046875e+02,-3.064284706115722656e+01,5.707144546508789062e+01,-1.476428527832031250e+02
1.185892639160156250e+02,-5.383929061889648438e+01,5.716073608398437500e+01,-1.219107131958007812e+02
6.380354690551757812e+01,-5.183928680419921875e+01,-3.112500000000000000e+01,1.916075134277343750e+01
5.853569030761718750e+01,-6.253571319580078125e+01,-1.960714721679687500e+01,2.360716056823730469e+01
3.201785278320312500e+01,-4.726786422729492188e+01,-2.969642066955566406e+01,4.494644165039062500e+01
1.571429061889648438e+01,-4.992858123779296875e+01,-6.142833709716796875e+00,4.035714721679687500e+01
3.982143402099609375e+01,-3.239285278320312500e+01,-1.175000381469726562e+01,4.321430206298828125e+00
5.755356597900390625e+01,-1.208928680419921875e+01,-5.844639968872070312e+01,1.298213195800781250e+01
6.557142639160156250e+01,-3.121428298950195312e+01,-4.900001907348632812e+01,1.464287948608398438e+01
6.119643402099609375e+01,-2.080357742309570312e+01,-5.066072082519531250e+01,1.026785755157470703e+01
6.266072082519531250e+01,3.750000000000000000e-01,-7.276786041259765625e+01,9.732147216796875000e+00
7.117857360839843750e+01,-4.846429061889648438e+01,-5.796427536010742188e+01,3.525000762939453125e+01
6.455358886718750000e+01,-3.987500000000000000e+01,-6.073214721679687500e+01,3.605357360839843750e+01
9.621429443359375000e+01,-2.964284706115722656e+01,-1.414286041259765625e+01,-5.242856979370117188e+01
9.716074371337890625e+01,-3.076785659790039062e+01,-9.196414947509765625e+00,-5.719645690917968750e+01
1.055893096923828125e+02,-3.162499809265136719e+01,-8.392925262451171875e-01,-7.312500000000000000e+01
8.757143402099609375e+01,-2.999999618530273438e+01,2.285701751708984375e+00,-5.985715484619140625e+01
3.571426391601562500e+00,-3.207142639160156250e+01,6.471427154541015625e+01,-3.621427154541015625e+01
-2.703570556640625000e+01,-4.967858123779296875e+01,1.903571319580078125e+01,5.767856597900390625e+01
-3.453571319580078125e+01,-5.982143020629882812e+01,4.453571701049804688e+01,4.982144927978515625e+01
6.125000762939453125e+01,3.214311599731445312e-01,1.167857742309570312e+01,-7.325000000000000000e+01
1.068928756713867188e+02,-3.417858505249023438e+01,-1.173928604125976562e+02,4.467858123779296875e+01
1.023749847412109375e+02,-2.812499237060546875e+01,-1.573393096923828125e+02,8.308930969238281250e+01
1.298392944335937500e+02,-2.316071701049804688e+01,-1.216607437133789062e+02,1.498214340209960938e+01
7.642857360839843750e+01,1.070714263916015625e+02,-5.257144927978515625e+01,-1.309286193847656250e+02
6.767853736877441406e+00,-2.244642829895019531e+01,7.948216247558593750e+01,-6.380358505249023438e+01
-4.246430969238281250e+01,-3.903572845458984375e+01,9.860713195800781250e+01,-1.710712051391601562e+01
-5.969642257690429688e+01,-3.498214721679687500e+01,1.080178527832031250e+02,-1.333928585052490234e+01
-9.503573608398437500e+01,-6.939288330078125000e+01,1.461071472167968750e+02,1.832143402099609375e+01
-1.713571777343750000e+02,-4.442857360839843750e+01,1.300000305175781250e+02,8.578574371337890625e+01
-8.642857360839843750e+01,-4.328570938110351562e+01,1.130714340209960938e+02,1.664286041259765625e+01
-1.578573036193847656e+01,2.271428680419921875e+01,5.671428298950195312e+01,-6.364286804199218750e+01
7.950000000000000000e+01,-7.285711288452148438e+00,2.535713768005371094e+01,-9.757142639160156250e+01
-4.678570938110351562e+01,2.057142639160156250e+01,-2.250000762939453125e+01,4.871429824829101562e+01
-5.632142639160156250e+01,-5.082142639160156250e+01,4.667857360839843750e+01,6.046427917480468750e+01
-7.291072845458984375e+01,-5.219642639160156250e+01,4.901784515380859375e+01,7.608932495117187500e+01
-4.358929824829101562e+01,1.326786041259765625e+01,2.612500000000000000e+01,4.196437358856201172e+00
6.926785278320312500e+01,3.767857551574707031e+00,9.625001907348632812e+00,-8.266069030761718750e+01
8.489283752441406250e+01,7.678575992584228516e+00,-3.074999046325683594e+01,-6.182142639160156250e+01
1.169821548461914062e+02,2.848214912414550781e+01,-5.892734527587890625e-01,-1.448749694824218750e+02
6.489285278320312500e+01,-3.846428298950195312e+01,-4.753570556640625000e+01,2.110714721679687500e+01
7.107141876220703125e+01,-6.307142257690429688e+01,-4.792857742309570312e+01,3.992858886718750000e+01
6.187499237060546875e+01,-4.112500762939453125e+01,-5.555357742309570312e+01,3.480359649658203125e+01
8.524999237060546875e+01,-3.117857742309570312e+01,-3.010713958740234375e+01,-2.396427917480468750e+01
9.089284515380859375e+01,-3.860715484619140625e+01,-1.889286613464355469e+01,-3.339283752441406250e+01
8.719646453857421875e+01,-3.366070938110351562e+01,-1.051787948608398438e+01,-4.301786804199218750e+01
6.500000000000000000e+00,-3.207144165039062500e+01,7.492855834960937500e+01,-4.935712814331054688e+01
-3.821426391601562500e+00,-2.960714721679687500e+01,9.560714721679687500e+01,-6.217858123779296875e+01
2.928570556640625000e+01,-4.735715103149414062e+01,1.191428833007812500e+02,-1.010714416503906250e+02
5.914286041259765625e+01,-1.042857551574707031e+01,4.550000762939453125e+01,-9.421430969238281250e+01
5.010713958740234375e+01,2.392856597900390625e+00,-2.467855834960937500e+01,-2.782142639160156250e+01
8.725001525878906250e+01,9.053572082519531250e+01,-8.710714721679687500e+01,-9.067855834960937500e+01
1.190000228881835938e+02,-2.599999618530273438e+01,-6.871428680419921875e+01,-2.428572845458984375e+01
8.644644165039062500e+01,-3.848215103149414062e+01,-6.083929443359375000e+01,1.287501430511474609e+01
-2.212499809265136719e+01,2.116071319580078125e+01,-7.719641113281250000e+01,7.816071319580078125e+01
-5.532143783569335938e+01,-4.032141876220703125e+01,9.175002288818359375e+01,3.892865180969238281e+00
-1.169642257690429688e+01,-1.305356979370117188e+01,1.594464416503906250e+02,-1.346964263916015625e+02
-7.632144165039062500e+01,-5.110716247558593750e+01,1.209642791748046875e+02,6.464267730712890625e+00
-1.299286041259765625e+02,6.478572082519531250e+01,9.900000000000000000e+01,-3.385714340209960938e+01
-1.065714340209960938e+02,-4.407143783569335938e+01,1.923571166992187500e+02,-4.171430206298828125e+01
-1.401428680419921875e+02,9.749999237060546875e+01,1.499986648559570312e+00,4.114287567138671875e+01
-1.210535736083984375e+02,2.530357742309570312e+01,3.273215484619140625e+01,6.301785278320312500e+01
-5.935716247558593750e+01,1.378571128845214844e+01,6.785714721679687500e+01,-2.228571319580078125e+01
-9.803581237792968750e+00,3.855356979370117188e+01,1.171250152587890625e+02,-1.458749694824218750e+02
-4.562501525878906250e+01,-6.605358123779296875e+01,1.717321929931640625e+02,-6.005357360839843750e+01
4.089281558990478516e+00,-4.026785659790039062e+01,2.135178985595703125e+02,-1.773392944335937500e+02
-1.214286422729492188e+01,3.685714721679687500e+01,1.502857055664062500e+02,-1.750000305175781250e+02
-1.389285850524902344e+01,8.967857360839843750e+01,2.403570175170898438e+01,-9.982144165039062500e+01
9.103569030761718750e+01,-3.035717964172363281e+00,1.125000000000000000e+01,-9.925000762939453125e+01
9.792857360839843750e+01,2.992857551574707031e+01,-3.228570556640625000e+01,-9.557141876220703125e+01
8.816069793701171875e+01,1.280357551574707031e+01,-4.541069412231445312e+01,-5.555358123779296875e+01
5.360712432861328125e+01,8.746428680419921875e+01,-1.169642868041992188e+02,-2.410712432861328125e+01
9.341069030761718750e+01,-3.073213958740234375e+01,-2.308926391601562500e+01,-3.958927917480468750e+01
9.569641876220703125e+01,-5.030356597900390625e+01,-5.874979019165039062e+00,-3.951785278320312500e+01
8.762500762939453125e+01,-8.928585052490234375e-02,-2.973212814331054688e+01,-5.780357360839843750e+01
-2.235715675354003906e+01,1.038571548461914062e+02,-1.571430206298828125e+00,-7.992856597900390625e+01
-7.557142639160156250e+01,-2.300000762939453125e+01,1.472857055664062500e+02,-4.871429824829101562e+01
-6.039286041259765625e+01,-2.582142639160156250e+01,1.583214416503906250e+02,-7.210714721679687500e+01
-6.144643783569335938e+01,4.553569793701171875e+00,1.394821472167968750e+02,-8.258926391601562500e+01
-1.084285659790039062e+02,4.200000762939453125e+01,-3.085715103149414062e+01,9.728571319580078125e+01
1.350000381469726562e+01,-1.464285469055175781e+01,-8.157142639160156250e+01,8.271426391601562500e+01
4.812500000000000000e+01,6.910714626312255859e+00,3.410701751708984375e+00,-5.844643783569335938e+01
1.065357055664062500e+02,-2.917857742309570312e+01,-2.960714340209960938e+01,-4.775000762939453125e+01
6.160707473754882812e+00,-4.391072082519531250e+01,-1.426787567138671875e+01,5.201787948608398438e+01
-9.383927154541015625e+01,3.923214340209960938e+01,-4.976785278320312500e+01,1.043749847412109375e+02
-9.426784515380859375e+01,-1.983928680419921875e+01,4.666071319580078125e+01,6.744641876220703125e+01
-1.143392944335937500e+02,-2.869643974304199219e+01,1.400178680419921875e+02,3.017866134643554688e+00
-1.221607131958007812e+02,-3.780357360839843750e+01,1.299821929931640625e+02,2.998214721679687500e+01
-1.126250152587890625e+02,4.280356979370117188e+01,1.138749847412109375e+02,-4.405358505249023438e+01
-1.176428680419921875e+02,-5.457142639160156250e+01,1.791428375244140625e+02,-6.928588867187500000e+00
-1.142857208251953125e+02,3.885714340209960938e+01,1.461428833007812500e+02,-7.071427917480468750e+01
-7.194643402099609375e+01,1.998214530944824219e+01,8.119642639160156250e+01,-2.923212814331054688e+01
-9.782144165039062500e+01,5.821430206298828125e+00,1.069642791748046875e+02,-1.496428489685058594e+01
-5.089272975921630859e+00,6.612500762939453125e+01,9.219646453857421875e+01,-1.532321929931640625e+02
7.928569316864013672e+00,6.692856597900390625e+01,1.368571472167968750e+02,-2.117143096923828125e+02
-2.107142448425292969e+00,-4.167858123779296875e+01,1.741785888671875000e+02,-1.303928985595703125e+02
-2.499998855590820312e+01,8.114286041259765625e+01,9.350000000000000000e+01,-1.496428527832031250e+02
1.212500000000000000e+01,6.862500000000000000e+01,7.991074371337890625e+01,-1.606607360839843750e+02
5.910713958740234375e+01,5.960714340209960938e+01,-4.767858123779296875e+01,-7.103569030761718750e+01
1.107678756713867188e+02,9.482143402099609375e+00,-2.321567535400390625e-01,-1.200178451538085938e+02
8.523213958740234375e+01,3.687500381469726562e+01,-5.548213195800781250e+01,-6.662500762939453125e+01
6.239282226562500000e+01,2.624999046325683594e+01,-8.982141876220703125e+01,1.178600311279296875e+00
9.194640350341796875e+01,-3.462499237060546875e+01,-2.383927536010742188e+01,-3.348213958740234375e+01
8.008927917480468750e+01,7.644643402099609375e+01,-6.898213195800781250e+01,-8.755354309082031250e+01
-7.875008583068847656e+00,2.048214340209960938e+01,1.555357742309570312e+01,-2.816069793701171875e+01
9.982147216796875000e+00,6.091070938110351562e+01,3.819641876220703125e+01,-1.090892944335937500e+02
-5.746428680419921875e+01,-3.817856597900390625e+01,1.368928527832031250e+02,-4.125001525878906250e+01
-6.748214721679687500e+01,-3.633928680419921875e+01,1.055178527832031250e+02,-1.696437835693359375e+00
-4.257143020629882812e+01,8.428569793701171875e+00,6.028572082519531250e+01,-2.614285087585449219e+01
-7.783927154541015625e+01,-4.625003337860107422e+00,3.423213195800781250e+01,4.823212814331054688e+01
-6.301785659790039062e+01,-4.517859458923339844e+00,-4.280357742309570312e+01,1.103393020629882812e+02
4.671427536010742188e+01,5.457143783569335938e+01,-3.942857360839843750e+01,-6.185715103149414062e+01
3.035713958740234375e+01,-4.835714721679687500e+01,4.428572845458984375e+01,-2.628573226928710938e+01
-2.842856597900390625e+01,2.550000381469726562e+01,5.178570938110351562e+01,-4.885715103149414062e+01
-7.908929443359375000e+01,3.839282989501953125e+00,1.976783752441406250e+01,5.548216247558593750e+01
-7.053571319580078125e+01,-3.214273452758789062e-01,6.232143783569335938e+01,8.535725593566894531e+00
-1.380714416503906250e+02,-2.728572082519531250e+01,1.437142944335937500e+02,2.164285659790039062e+01
-9.512502288818359375e+01,2.087500190734863281e+01,1.573035736083984375e+02,-8.305355834960937500e+01
-1.398214263916015625e+02,4.750004768371582031e+00,1.078214263916015625e+02,2.725001716613769531e+01
-1.199107208251953125e+02,-6.341072463989257812e+01,1.632321624755859375e+02,2.008929443359375000e+01
-1.152857055664062500e+02,1.414286422729492188e+01,1.422857360839843750e+02,-4.114286804199218750e+01
-6.523213958740234375e+01,2.612500000000000000e+01,9.091072082519531250e+01,-5.180358123779296875e+01
-5.773214340209960938e+01,-4.946421623229980469e+00,1.126964492797851562e+02,-5.001788330078125000e+01
-1.416428375244140625e+02,4.657142639160156250e+01,9.185713195800781250e+01,3.214303493499755859e+00
-3.099999237060546875e+01,5.171429443359375000e+01,7.607144927978515625e+01,-9.678572845458984375e+01
-6.964288711547851562e+00,-4.753572845458984375e+01,1.640357055664062500e+02,-1.095357284545898438e+02
-6.446428298950195312e+00,2.012500190734863281e+01,1.279821624755859375e+02,-1.416607360839843750e+02
1.762498855590820312e+01,7.533929443359375000e+01,8.605358886718750000e+01,-1.790178222656250000e+02
1.176964263916015625e+02,2.691071319580078125e+01,4.769643402099609375e+01,-1.923035888671875000e+02
1.028214111328125000e+02,9.107137680053710938e+00,-1.403571891784667969e+01,-9.789286041259765625e+01
1.021785583496093750e+02,8.275000762939453125e+01,-4.924999237060546875e+01,-1.356785736083984375e+02
6.507142639160156250e+01,2.442857742309570312e+01,-9.449998474121093750e+01,5.000007629394531250e+00
9.533925628662109375e+01,-3.951785278320312500e+01,-2.194642829895019531e+01,-3.387498474121093750e+01
-1.553581237792968750e+00,7.623214721679687500e+01,-1.319644927978515625e+01,-6.148212051391601562e+01
-2.160697937011718750e+00,-2.023214721679687500e+01,2.569644927978515625e+01,-3.303604125976562500e+00
7.583929443359375000e+01,4.126785278320312500e+01,1.037678680419921875e+02,-2.208749694824218750e+02
-1.019643020629882812e+02,7.196429443359375000e+01,8.067857360839843750e+01,-5.067857742309570312e+01
-7.125000762939453125e+01,-3.675000381469726562e+01,1.273214416503906250e+02,-1.932142639160156250e+01
-6.839285278320312500e+01,1.375000095367431641e+01,4.553573608398437500e+01,9.107126235961914062e+00
-5.958927536010742188e+01,-1.480356788635253906e+01,3.898214721679687500e+01,3.541069793701171875e+01
-5.378570938110351562e+01,-5.071428298950195312e+00,7.664285278320312500e+01,-1.778571701049804688e+01
-5.183929443359375000e+01,-5.356979370117187500e-02,-4.826786041259765625e+01,1.001607055664062500e+02
2.757143020629882812e+01,6.478572082519531250e+01,-9.214279174804687500e+00,-8.314286041259765625e+01
-5.257143402099609375e+01,5.557142639160156250e+01,-1.492855834960937500e+01,1.192857933044433594e+01
-9.230355834960937500e+01,3.376786041259765625e+01,1.910703659057617188e+00,5.662500000000000000e+01
-4.958928680419921875e+01,-1.451786041259765625e+01,7.283926391601562500e+01,-8.732118606567382812e+00
-1.170178451538085938e+02,-3.087500000000000000e+01,1.484107208251953125e+02,-5.178737640380859375e-01
-1.015535736083984375e+02,-8.839279174804687500e+00,4.387500381469726562e+01,6.651785278320312500e+01
-7.205357360839843750e+01,-1.226785278320312500e+01,4.373214721679687500e+01,4.058929061889648438e+01
-7.157143402099609375e+01,-5.192857742309570312e+01,5.957144546508789062e+01,6.392855453491210938e+01
-8.869643402099609375e+01,4.358929443359375000e+01,1.150892944335937500e+02,-6.998214721679687500e+01
-5.883929061889648438e+01,2.494642639160156250e+01,8.208930206298828125e+01,-4.819641494750976562e+01
-1.039285888671875000e+02,-1.271428680419921875e+01,6.864288330078125000e+01,4.799998474121093750e+01
-9.246427917480468750e+01,6.482143402099609375e+01,7.196427917480468750e+01,-4.432142639160156250e+01
-9.464292526245117188e-01,6.305357742309570312e+01,-4.517869949340820312e+00,-5.758927917480468750e+01
4.267857074737548828e+00,-8.875001907348632812e+00,5.512500000000000000e+01,-5.051785659790039062e+01
4.250009059906005859e+00,2.660714340209960938e+01,1.065357208251953125e+02,-1.373928527832031250e+02
3.535694122314453125e+00,1.062500000000000000e+02,5.617857360839843750e+01,-1.659642944335937500e+02
1.276785964965820312e+02,-9.535715103149414062e+00,1.235357131958007812e+02,-2.416785583496093750e+02
1.102678604125976562e+02,3.648214340209960938e+01,-2.430355453491210938e+01,-1.224464111328125000e+02
8.894641113281250000e+01,8.616071319580078125e+01,-7.705355834960937500e+01,-9.805356597900390625e+01
6.526786041259765625e+01,2.826786041259765625e+01,-8.501786041259765625e+01,-8.517862319946289062e+00
9.119641876220703125e+01,-4.108928680419921875e+01,-2.037501144409179688e+01,-2.973213386535644531e+01
-1.080357742309570312e+01,6.755356597900390625e+01,-9.517843246459960938e+00,-4.723214721679687500e+01
2.101786422729492188e+01,-8.910715103149414062e+00,4.423215484619140625e+01,-5.633929443359375000e+01
3.094642066955566406e+01,5.944644165039062500e+01,4.323213195800781250e+01,-1.336250000000000000e+02
-9.269641113281250000e+01,9.937500762939453125e+01,8.023214721679687500e+01,-8.691072082519531250e+01
-8.491072845458984375e+01,-7.267853260040283203e+00,1.578035888671875000e+02,-6.562501525878906250e+01
-7.182142639160156250e+01,2.453571701049804688e+01,8.903572845458984375e+01,-4.175000762939453125e+01
-5.860713958740234375e+01,-7.499971389770507812e-01,-5.910713577270507812e+01,1.184643020629882812e+02
-6.544641876220703125e+01,-1.016070747375488281e+01,4.212498474121093750e+01,3.348214721679687500e+01
-5.267856979370117188e+01,8.892857551574707031e+00,2.889284896850585938e+01,1.489285659790039062e+01
7.892854213714599609e+00,-2.392859458923339844e+00,-2.353570938110351562e+01,1.803571319580078125e+01
-3.594643020629882812e+01,7.283929443359375000e+01,-1.269464340209960938e+02,9.005355072021484375e+01
2.912500381469726562e+01,2.826786041259765625e+01,-9.223213195800781250e+01,3.483927917480468750e+01
-8.976785278320312500e+01,-1.719642639160156250e+01,-1.805356597900390625e+01,1.250178985595703125e+02
-1.093214416503906250e+02,-1.039286041259765625e+01,3.675000000000000000e+01,8.296427917480468750e+01
-5.501783370971679688e+01,-3.558928680419921875e+01,5.255355834960937500e+01,3.805358123779296875e+01
-9.448213958740234375e+01,-1.553570747375488281e+00,6.001785278320312500e+01,3.601786422729492188e+01
-8.783930969238281250e+01,-6.055356979370117188e+01,1.059464263916015625e+02,4.244641113281250000e+01
-1.107321777343750000e+02,7.376786041259765625e+01,1.068392791748046875e+02,-6.987500762939453125e+01
-7.832144165039062500e+01,6.867856597900390625e+01,-3.567854690551757812e+01,4.532142639160156250e+01
-1.500000190734863281e+01,1.714285659790039062e+01,-3.692856597900390625e+01,3.478572082519531250e+01
-6.941072082519531250e+01,7.580357360839843750e+01,5.330357360839843750e+01,-5.969642639160156250e+01
-1.753570175170898438e+01,9.067858123779296875e+01,1.725000572204589844e+01,-9.039286041259765625e+01
-4.178565979003906250e+00,1.153571319580078125e+01,1.110713958740234375e+01,-1.846430206298828125e+01
-8.392855834960937500e+01,2.878571701049804688e+01,2.078572082519531250e+01,3.435713195800781250e+01
-8.817857360839843750e+01,8.582144165039062500e+01,1.141785583496093750e+02,-1.118214111328125000e+02
2.244642639160156250e+01,2.094642448425292969e+01,5.087500000000000000e+01,-9.426788330078125000e+01
6.448214721679687500e+01,2.598213958740234375e+01,5.433929443359375000e+01,-1.448035583496093750e+02
8.466071319580078125e+01,1.033035659790039062e+02,-6.833930969238281250e+01,-1.196250228881835938e+02
7.460715484619140625e+01,2.589285278320312500e+01,-7.982144165039062500e+01,-2.067856216430664062e+01
8.853573608398437500e+01,2.053571701049804688e+01,-5.196429824829101562e+01,-5.710714721679687500e+01
-1.585714912414550781e+01,1.188571548461914062e+02,-3.921429824829101562e+01,-6.378570938110351562e+01
6.053571319580078125e+01,1.175000095367431641e+01,6.903572082519531250e+01,-1.413214416503906250e+02
3.569641494750976562e+01,6.819643402099609375e+01,3.348213958740234375e+01,-1.373750000000000000e+02
-7.607145690917968750e+01,2.200000762939453125e+01,1.968571777343750000e+02,-1.427857360839843750e+02
-8.676786804199218750e+01,8.660711288452148438e+00,1.179464340209960938e+02,-3.983928680419921875e+01
-1.278214416503906250e+02,6.892854213714599609e+00,1.286785736083984375e+02,-7.750006198883056641e+00
-9.553572845458984375e+01,-2.321430206298828125e+00,4.646430206298828125e+01,5.139285278320312500e+01
-5.389285278320312500e+01,-6.678570747375488281e+00,-1.785717010498046875e-01,6.074998855590820312e+01
1.498215484619140625e+01,2.683928680419921875e+01,-8.394641113281250000e+01,4.212500000000000000e+01
1.189286327362060547e+01,1.425000381469726562e+01,-4.310715103149414062e+01,1.696429061889648438e+01
-5.212500762939453125e+01,-1.964302062988281250e-01,-2.053575515747070312e+00,5.437499237060546875e+01
-2.817857551574707031e+01,3.239285659790039062e+01,-6.039285278320312500e+01,5.617856597900390625e+01
-7.737501525878906250e+01,2.339287757873535156e+00,3.533927154541015625e+01,3.969644165039062500e+01
-9.191073608398437500e+01,-1.191071319580078125e+01,9.194642639160156250e+01,1.187502098083496094e+01
-6.142858505249023438e+00,6.999993801116943359e+00,-1.714296340942382812e+00,8.571472167968750000e-01
-3.069644546508789062e+01,8.794643402099609375e+01,1.251784324645996094e+01,-6.976785278320312500e+01
-9.303572845458984375e+01,-4.675001525878906250e+01,1.289643096923828125e+02,1.082141685485839844e+01
-6.626785278320312500e+01,7.444643402099609375e+01,4.366073608398437500e+01,-5.183928298950195312e+01
2.948213195800781250e+01,9.196422576904296875e+00,-3.116072273254394531e+01,-7.517852783203125000e+00
-1.910713005065917969e+01,5.646428680419921875e+01,-5.767856597900390625e+01,2.032140159606933594e+01
-1.276428604125976562e+02,1.015714263916015625e+02,1.621429061889648438e+01,9.857149124145507812e+00
-9.249992370605468750e+00,7.510713958740234375e+01,-1.017857360839843750e+01,-5.567858886718750000e+01
-8.807143402099609375e+01,-3.835713958740234375e+01,5.471429443359375000e+01,7.171430206298828125e+01
-1.135893173217773438e+02,1.362500000000000000e+01,5.119641113281250000e+01,4.876789093017578125e+01
2.901786422729492188e+01,1.013750076293945312e+02,-4.755355834960937500e+01,-8.283929443359375000e+01
1.208929634094238281e+01,-7.624998092651367188e+00,8.451786041259765625e+01,-8.898216247558593750e+01
1.104107055664062500e+02,-5.946433544158935547e+00,7.383930206298828125e+01,-1.783035888671875000e+02
2.975000762939453125e+01,7.710714721679687500e+01,-3.760713958740234375e+01,-6.925000762939453125e+01
6.492855072021484375e+01,2.649999427795410156e+01,-9.078575897216796875e+01,-6.428451538085937500e-01
6.875000000000000000e+01,1.082142257690429688e+01,-7.375004577636718750e+01,-5.821405410766601562e+00
-7.999991416931152344e+00,6.978572082519531250e+01,-1.864285087585449219e+01,-4.314289093017578125e+01
4.546428680419921875e+01,2.375000000000000000e+01,3.953572082519531250e+01,-1.087499923706054688e+02
3.332141876220703125e+01,7.317857360839843750e+01,1.075000000000000000e+01,-1.172500228881835938e+02
3.760714721679687500e+01,9.653572082519531250e+01,1.989286041259765625e+01,-1.540357971191406250e+02
-7.349998474121093750e+01,1.878571510314941406e+01,1.202142944335937500e+02,-6.550000000000000000e+01
-1.378214416503906250e+02,1.321429252624511719e+00,9.839285278320312500e+01,3.810713958740234375e+01
-1.227678909301757812e+02,-1.212500095367431641e+01,1.300892944335937500e+02,4.803568363189697266e+00
-2.901785087585449219e+01,-9.464254379272460938e-01,7.339303970336914062e+00,2.262500190734863281e+01
-1.069107208251953125e+02,-1.448214054107666016e+01,1.994641113281250000e+01,1.014464111328125000e+02
-3.589286041259765625e+01,-4.964291572570800781e+00,-7.832142639160156250e+01,1.191785888671875000e+02
-6.450001525878906250e+01,1.300000000000000000e+01,-3.192857170104980469e+01,8.342858886718750000e+01
-5.796429443359375000e+01,9.332143402099609375e+01,-9.146427917480468750e+01,5.610717010498046875e+01
-9.319644165039062500e+01,-7.696426868438720703e+00,-5.410724639892578125e+00,1.063035888671875000e+02
-1.270892868041992188e+02,-2.101785469055175781e+01,6.176788711547851562e+01,8.633927917480468750e+01
-1.077321319580078125e+02,-1.966070365905761719e+01,6.426785278320312500e+01,6.312499237060546875e+01
-5.519643020629882812e+01,2.446427345275878906e+00,1.091607131958007812e+02,-5.641070938110351562e+01
-1.698213577270507812e+01,-2.655356216430664062e+01,1.288035888671875000e+02,-8.526788330078125000e+01
-4.748214721679687500e+01,8.701785278320312500e+01,-4.748212432861328125e+01,7.946401596069335938e+00
-8.316070556640625000e+01,1.419643020629882812e+01,4.798214340209960938e+01,2.098214912414550781e+01
6.292858886718750000e+01,-8.071426391601562500e+00,5.135715484619140625e+01,-1.062143020629882812e+02
3.480356216430664062e+01,5.673213958740234375e+01,-2.626784515380859375e+01,-6.526785278320312500e+01
1.238392944335937500e+02,7.126786041259765625e+01,-8.458927917480468750e+01,-1.105178604125976562e+02
-3.133928680419921875e+01,-3.441072463989257812e+01,4.144643402099609375e+01,2.430357360839843750e+01
2.851786422729492188e+01,3.044642639160156250e+01,-6.410696029663085938e+00,-5.255358123779296875e+01
-6.857149124145507812e+00,7.550000000000000000e+01,-1.942856407165527344e+01,-4.921428680419921875e+01
1.475001144409179688e+01,-1.060713386535644531e+01,4.110715103149414062e+01,-4.525001525878906250e+01
-5.157144546508789062e+01,4.842857742309570312e+01,5.378573226928710938e+01,-5.064286422729492188e+01
4.321423530578613281e+00,2.917857170104980469e+01,-2.496428871154785156e+01,-8.535724639892578125e+00
3.426786041259765625e+01,1.298214340209960938e+01,-7.630357360839843750e+01,2.905358123779296875e+01
6.121430206298828125e+01,2.714284896850585938e+00,-8.535717010498046875e+01,2.142856788635253906e+01
2.423214340209960938e+01,1.103750152587890625e+02,1.607189178466796875e-01,-1.347678527832031250e+02
3.869642639160156250e+01,2.855357360839843750e+01,4.648216629028320312e+01,-1.137321624755859375e+02
3.419642639160156250e+01,1.826786041259765625e+01,6.233930206298828125e+01,-1.148035964965820312e+02
2.792856979370117188e+01,1.085714149475097656e+01,5.664287567138671875e+01,-9.542858886718750000e+01
3.914285659790039062e+01,-3.007143020629882812e+01,6.814285278320312500e+01,-7.721427917480468750e+01
1.803558349609375000e+00,2.337499809265136719e+01,5.630358123779296875e+01,-8.148213195800781250e+01
-7.373215484619140625e+01,-1.151784992218017578e+01,1.466250152587890625e+02,-6.137500000000000000e+01
-5.721428680419921875e+01,-5.214285850524902344e+00,-1.635713386535644531e+01,7.878570556640625000e+01
-8.278570556640625000e+01,4.128572463989257812e+01,2.857131958007812500e-01,4.121427917480468750e+01
1.110715579986572266e+01,8.464288711547851562e+00,-1.553573226928710938e+01,-4.035718917846679688e+00
-2.989284324645996094e+01,-2.803572463989257812e+01,1.161785888671875000e+02,-5.825001525878906250e+01
-4.019642639160156250e+01,7.001786804199218750e+01,1.680357933044433594e+01,-4.662500000000000000e+01
4.176785278320312500e+01,1.482143402099609375e+00,-3.808930206298828125e+01,-5.160703659057617188e+00
-3.921429061889648438e+01,-9.500000000000000000e+00,-1.848571472167968750e+02,2.335714416503906250e+02
-7.962500000000000000e+01,3.787500762939453125e+01,3.750133514404296875e-01,4.137499237060546875e+01
-5.466072082519531250e+01,7.555358123779296875e+01,8.212500000000000000e+01,-1.030178222656250000e+02
-8.535717964172363281e+00,-1.725000000000000000e+01,3.896427536010742188e+01,-1.317855739593505859e+01
-2.366070938110351562e+01,6.226785278320312500e+01,9.196422576904296875e+00,-4.780356979370117188e+01
-2.730356979370117188e+01,4.962500000000000000e+01,-2.321338653564453125e-01,-2.208929443359375000e+01
-1.957142639160156250e+01,1.914286041259765625e+01,-1.078572273254394531e+01,1.121428298950195312e+01
1.598214626312255859e+01,1.121250152587890625e+02,-5.544642257690429688e+01,-7.266072082519531250e+01
8.707145690917968750e+01,4.450000000000000000e+01,-1.785705566406250000e+00,-1.297857360839843750e+02
-4.121429443359375000e+01,-2.100000000000000000e+01,1.607142448425292969e+01,4.614286041259765625e+01
-2.548214721679687500e+01,5.008928680419921875e+01,1.166071891784667969e+01,-3.626784515380859375e+01
-5.692857742309570312e+01,3.035714721679687500e+01,4.457144165039062500e+01,-1.800000381469726562e+01
-3.000000381469726562e+01,-7.071433544158935547e+00,8.564286804199218750e+01,-4.857143020629882812e+01
-4.323215484619140625e+01,3.312500762939453125e+01,5.162500000000000000e+01,-4.151784133911132812e+01
-6.401785278320312500e+01,4.683928298950195312e+01,4.048214721679687500e+01,-2.330357742309570312e+01
-9.999986648559570312e+00,-3.285714721679687500e+01,-2.871427345275878906e+01,7.157141113281250000e+01
6.348214721679687500e+01,-4.944643402099609375e+01,-5.951784515380859375e+01,4.548213195800781250e+01
-1.580357265472412109e+01,3.841071319580078125e+01,-5.089290618896484375e+00,-1.751785278320312500e+01
-2.749999618530273438e+01,1.700000000000000000e+01,8.071429443359375000e+01,-7.021429443359375000e+01
-4.569641876220703125e+01,1.117321624755859375e+02,3.437501525878906250e+01,-1.004107360839843750e+02
-8.342858886718750000e+01,3.157143020629882812e+01,6.792858886718750000e+01,-1.607142257690429688e+01
-3.235713958740234375e+01,-2.528570938110351562e+01,8.257144165039062500e+01,-2.492857742309570312e+01
-1.198215198516845703e+01,1.180356979370117188e+01,6.751788330078125000e+01,-6.733929443359375000e+01
-5.498214721679687500e+01,5.344643402099609375e+01,-1.177678680419921875e+02,1.193035812377929688e+02
-5.823214721679687500e+01,-5.303570747375488281e+00,-4.466072082519531250e+01,1.081964416503906250e+02
-9.546427917480468750e+01,7.267858123779296875e+01,-1.066071319580078125e+02,1.293928680419921875e+02
1.939286422729492188e+01,-2.503571701049804688e+01,-9.367857360839843750e+01,9.932142639160156250e+01
-2.744643020629882812e+01,-2.487499809265136719e+01,8.105358123779296875e+01,-2.873215103149414062e+01
-1.061250076293945312e+02,6.644642639160156250e+01,-6.619642639160156250e+01,1.058749847412109375e+02
-6.732139587402343750e+00,-1.517851829528808594e+00,-9.089271545410156250e+00,1.733927154541015625e+01
-7.248215484619140625e+01,-1.605357360839843750e+01,-4.755357360839843750e+01,1.360892944335937500e+02
-6.858929443359375000e+01,6.250009536743164062e-01,-7.816072082519531250e+01,1.461250000000000000e+02
-4.085713195800781250e+01,2.857145309448242188e+00,1.579285888671875000e+02,-1.199285583496093750e+02
-1.069107360839843750e+02,-3.212500000000000000e+01,9.523214721679687500e+01,4.380356979370117188e+01
-6.837500000000000000e+01,9.625001907348632812e+00,-2.701784133911132812e+01,8.576786041259765625e+01
-8.575000000000000000e+01,2.896428298950195312e+01,-1.589287185668945312e+01,7.267857360839843750e+01
-4.748213958740234375e+01,-1.262499809265136719e+01,2.730356025695800781e+01,3.280358886718750000e+01
1.992857551574707031e+01,4.514285659790039062e+01,-1.098571777343750000e+02,4.478573608398437500e+01
5.432143402099609375e+01,1.007500076293945312e+02,-3.096429252624511719e+01,-1.241071166992187500e+02
-2.785714149475097656e+01,-2.335714340209960938e+01,1.714285469055175781e+01,3.407143402099609375e+01
-2.491072845458984375e+01,-1.183928871154785156e+01,1.732151031494140625e+00,3.501787185668945312e+01
-3.967858123779296875e+01,1.617857551574707031e+01,-3.928565979003906250e-01,2.389285278320312500e+01
-4.319641876220703125e+01,-6.553567886352539062e+00,6.637496948242187500e+01,-1.662498855590820312e+01
-6.785714721679687500e+01,-2.321427536010742188e+01,1.117142944335937500e+02,-2.064286041259765625e+01
-1.047678833007812500e+02,2.880357360839843750e+01,6.651786804199218750e+01,9.446409225463867188e+00
-3.076785278320312500e+01,-4.033929061889648438e+01,-1.998213386535644531e+01,9.108928680419921875e+01
5.957144165039062500e+01,-4.314286041259765625e+01,-6.428572082519531250e+01,4.785715484619140625e+01
7.151786041259765625e+01,6.973214721679687500e+01,-1.541071319580078125e+01,-1.258392944335937500e+02
-1.168750000000000000e+02,1.469643020629882812e+01,7.612500000000000000e+01,2.605357360839843750e+01
-5.610715103149414062e+01,5.682143402099609375e+01,7.717858123779296875e+01,-7.789287567138671875e+01
-9.726788330078125000e+01,5.130357360839843750e+01,6.408930969238281250e+01,-1.812500000000000000e+01
-4.699999618530273438e+01,-2.728570938110351562e+01,1.645714263916015625e+02,-9.028573608398437500e+01
-8.325000762939453125e+01,-2.817857360839843750e+01,7.303572082519531250e+01,3.839284515380859375e+01
-5.135713195800781250e+01,1.671429252624511719e+01,-8.014285278320312500e+01,1.147856903076171875e+02
-6.075000381469726562e+01,2.660714149475097656e+01,-6.325001525878906250e+01,9.739286804199218750e+01
4.780356979370117188e+01,-4.196425914764404297e+00,-1.004821166992187500e+02,5.687500000000000000e+01
4.376786804199218750e+01,-2.423213768005371094e+01,8.055355834960937500e+01,-1.000892639160156250e+02
2.060715484619140625e+01,-2.846428680419921875e+01,-1.832141494750976562e+01,2.617855453491210938e+01
-4.675000381469726562e+01,2.196429061889648438e+01,3.439284515380859375e+01,-9.607126235961914062e+00
-5.873213958740234375e+01,-2.008928680419921875e+01,9.205356597900390625e+01,-1.323213291168212891e+01
-6.533929443359375000e+01,-4.012500000000000000e+01,-4.326786041259765625e+01,1.487321319580078125e+02
-8.414287567138671875e+01,7.142856597900390625e+00,-4.464285659790039062e+01,1.216428833007812500e+02
-3.721429061889648438e+01,-1.371428585052490234e+01,1.285714416503906250e+02,-7.764285278320312500e+01
-8.325003814697265625e+01,-3.132143592834472656e+01,9.025000762939453125e+01,2.432143783569335938e+01
-5.951786041259765625e+01,-2.844643020629882812e+01,9.712501525878906250e+01,-9.160739898681640625e+00
-5.923215103149414062e+01,-1.601785469055175781e+01,3.098214149475097656e+01,4.426784896850585938e+01
-1.054999847412109375e+02,-3.585713958740234375e+01,-1.599999046325683594e+01,1.573571319580078125e+02
2.567856788635253906e+01,1.703571319580078125e+01,-1.175000572204589844e+01,-3.096428108215332031e+01
-1.091072177886962891e+01,-2.833929443359375000e+01,-5.948216247558593750e+01,9.873215484619140625e+01
-3.035714721679687500e+01,-2.185713768005371094e+01,-4.285583496093750000e-01,5.264286041259765625e+01
-6.482133865356445312e+00,-1.033928489685058594e+01,2.951784515380859375e+01,-1.269642543792724609e+01
-4.319642257690429688e+01,1.201785469055175781e+01,-3.419643402099609375e+01,6.537501525878906250e+01
-6.123213577270507812e+01,-2.858928108215332031e+01,1.290535888671875000e+02,-3.923215866088867188e+01
-1.016428604125976562e+02,-9.428569793701171875e+00,7.621429443359375000e+01,3.485713577270507812e+01
-7.107143402099609375e+01,1.535714149475097656e+01,6.957144165039062500e+01,-1.385710906982421875e+01
-2.912502288818359375e+01,-4.669641876220703125e+01,5.589305877685546875e+00,7.023215484619140625e+01
5.789283752441406250e+01,-3.939286804199218750e+01,-6.853570556640625000e+01,5.003572845458984375e+01
-3.142857551574707031e+00,7.142849922180175781e+00,2.757141494750976562e+01,-3.157142639160156250e+01
-1.269999923706054688e+02,-3.150000762939453125e+01,9.828570556640625000e+01,6.021428298950195312e+01
-9.937499237060546875e+01,-2.080356979370117188e+01,8.941071319580078125e+01,3.076785850524902344e+01
-1.247857513427734375e+02,-3.521427917480468750e+01,8.557144165039062500e+01,7.442858886718750000e+01
-1.015892791748046875e+02,-3.787500000000000000e+01,1.078393096923828125e+02,3.162500572204589844e+01
-8.262500762939453125e+01,-2.683929443359375000e+01,9.444642639160156250e+01,1.501785945892333984e+01
-7.010713958740234375e+01,-1.725000000000000000e+01,-3.575001144409179688e+01,1.231071472167968750e+02
-5.364286804199218750e+01,-1.000006675720214844e+00,-7.978572845458984375e+01,1.344285888671875000e+02
5.171429824829101562e+01,-3.214287185668945312e+01,-1.249999237060546875e+01,-7.071430206298828125e+00
8.607149124145507812e+00,-2.532143402099609375e+01,-6.396429443359375000e+01,8.067854309082031250e+01
4.773214721679687500e+01,-2.133927917480468750e+01,1.080358886718750000e+01,-3.719644165039062500e+01
4.607131958007812500e+00,-2.724999618530273438e+01,-3.246429443359375000e+01,5.510713958740234375e+01
-4.971428298950195312e+01,-2.728572082519531250e+01,3.485715103149414062e+01,4.214286041259765625e+01
-8.335713958740234375e+01,-3.464286422729492188e+01,-5.157145309448242188e+01,1.695714569091796875e+02
-7.262500762939453125e+01,5.080357360839843750e+01,-2.883926773071289062e+01,5.066072845458984375e+01
-8.533930206298828125e+01,-2.683927917480468750e+01,7.951783752441406250e+01,3.266072845458984375e+01
-6.207143020629882812e+01,-2.057142639160156250e+01,1.035714416503906250e+02,-2.092858123779296875e+01
-6.705358886718750000e+01,-3.726786422729492188e+01,1.449464416503906250e+02,-4.062500000000000000e+01
-8.360713958740234375e+01,5.996429061889648438e+01,-3.624999618530273438e+01,5.989286041259765625e+01
2.871428871154785156e+01,-4.592856216430664062e+01,-3.585715866088867188e+01,5.307142639160156250e+01
-2.141070938110351562e+01,-3.148214912414550781e+01,-1.405357360839843750e+01,6.694643402099609375e+01
2.394642639160156250e+01,-2.876786994934082031e+01,-7.505360412597656250e+01,7.987500000000000000e+01
-3.944643020629882812e+01,-2.180356407165527344e+01,-2.160709381103515625e+00,6.341072463989257812e+01
-3.362500000000000000e+01,-1.991071319580078125e+01,1.087499427795410156e+01,4.266072082519531250e+01
-4.851786041259765625e+01,-3.773214721679687500e+01,4.533927154541015625e+01,4.091072845458984375e+01
-1.030357131958007812e+02,-5.639286804199218750e+01,7.760715484619140625e+01,8.182142639160156250e+01
-1.014285736083984375e+02,1.092856407165527344e+01,3.707144546508789062e+01,5.342858123779296875e+01
-8.198216247558593750e+01,-4.026785659790039062e+01,6.730358886718750000e+01,5.494642639160156250e+01
-3.178572082519531250e+01,-4.692855834960937500e+01,3.785726547241210938e+00,7.492857360839843750e+01
5.542856597900390625e+01,-4.314286041259765625e+01,-4.885713958740234375e+01,3.657143783569335938e+01
-1.039286422729492188e+01,-3.610715484619140625e+01,1.846427917480468750e+01,2.803571510314941406e+01
-6.214295387268066406e+00,-1.642856788635253906e+01,6.414286041259765625e+01,-4.150000762939453125e+01
-3.885714721679687500e+01,-1.850000000000000000e+01,-7.142856597900390625e+01,1.287857208251953125e+02
-4.516072845458984375e+01,-2.273213768005371094e+01,-2.273212814331054688e+01,9.062500000000000000e+01
-3.896427154541015625e+01,-2.746427917480468750e+01,-6.660716247558593750e+01,1.330357208251953125e+02
-3.507142639160156250e+01,-1.021428298950195312e+01,2.878570938110351562e+01,1.650000572204589844e+01
-3.778572463989257812e+01,-2.185713958740234375e+01,-5.685715484619140625e+01,1.165000000000000000e+02
6.285711288452148438e+00,-2.407142639160156250e+01,-4.071427154541015625e+01,5.849998474121093750e+01
5.053577423095703125e+00,-2.780356979370117188e+01,-6.160709381103515625e+00,2.891071510314941406e+01
2.633927917480468750e+01,-3.144642448425292969e+01,-4.232147216796875000e+00,9.339284896850585938e+00
2.299999618530273438e+01,-2.928571319580078125e+01,1.150001144409179688e+01,-5.214286804199218750e+00
7.694644165039062500e+01,-7.196431159973144531e+00,-6.462500000000000000e+01,-5.125020027160644531e+00
1.291071796417236328e+01,-2.644643402099609375e+01,-5.558928680419921875e+01,6.912500762939453125e+01
-1.171964263916015625e+02,-3.398214721679687500e+01,4.073213577270507812e+01,1.104464492797851562e+02
-6.778572082519531250e+01,-1.764285659790039062e+01,3.285724639892578125e+00,8.214286041259765625e+01
-5.921429443359375000e+01,-2.199999809265136719e+01,-5.635715103149414062e+01,1.375714111328125000e+02
-5.648213577270507812e+01,-2.119642639160156250e+01,-4.962500000000000000e+01,1.273035736083984375e+02
-5.962499237060546875e+01,-2.062500000000000000e+01,-6.191071701049804688e+01,1.421607513427734375e+02
4.503573226928710938e+01,-2.160714721679687500e+01,-6.225002670288085938e+01,3.882141494750976562e+01
2.535715103149414062e+01,-2.664285278320312500e+01,-3.278572463989257812e+01,3.407143020629882812e+01
4.892856216430664062e+01,-1.557143306732177734e+01,-1.070714492797851562e+02,7.371427917480468750e+01
4.528572463989257812e+01,-1.935714340209960938e+01,-1.215714340209960938e+02,9.564285278320312500e+01
3.419641876220703125e+01,-2.651785659790039062e+01,-3.094643974304199219e+01,2.326786041259765625e+01
-6.558928680419921875e+01,-3.323213195800781250e+01,5.755358123779296875e+01,4.126787567138671875e+01
-6.317858886718750000e+01,-3.760715103149414062e+01,8.939285278320312500e+01,1.139287567138671875e+01
-4.021430969238281250e+01,-3.300000381469726562e+01,9.992855834960937500e+01,-2.671427917480468750e+01
-9.742858123779296875e+01,-3.107143402099609375e+01,3.078573036193847656e+01,9.771428680419921875e+01
-1.719643211364746094e+01,-4.133929061889648438e+01,1.716071891784667969e+01,4.137496185302734375e+01
-2.432143211364746094e+01,-4.217856597900390625e+01,-4.032142639160156250e+01,1.068214263916015625e+02
5.532141113281250000e+01,-4.367858123779296875e+01,-3.067856597900390625e+01,1.903570556640625000e+01
1.285713195800781250e+01,-3.871429061889648438e+01,4.271427536010742188e+01,-1.685711860656738281e+01
1.137500286102294922e+01,-3.283929061889648438e+01,-5.698213958740234375e+01,7.844642639160156250e+01
2.624994277954101562e+00,-2.237499809265136719e+01,-4.401784896850585938e+01,6.376785278320312500e+01
4.078572845458984375e+01,-2.828570938110351562e+01,5.578572463989257812e+01,-6.828572082519531250e+01
3.530358123779296875e+01,-3.126786422729492188e+01,-4.119643783569335938e+01,3.716071701049804688e+01
2.725000381469726562e+01,-3.132143402099609375e+01,-2.675001716613769531e+01,3.082145309448242188e+01
2.755358123779296875e+01,-2.173213768005371094e+01,-1.414464111328125000e+02,1.356250000000000000e+02
9.946443557739257812e+00,-2.933928489685058594e+01,-3.948215103149414062e+01,5.887499618530273438e+01
1.539284133911132812e+01,-3.282141876220703125e+01,3.892848968505859375e+00,1.353571224212646484e+01
6.446428680419921875e+01,-1.096428680419921875e+01,-1.332141876220703125e+01,-4.017856979370117188e+01
8.355357360839843750e+01,-1.087499618530273438e+01,-3.051786804199218750e+01,-4.216072463989257812e+01
2.894642448425292969e+01,-2.462499809265136719e+01,-2.648215484619140625e+01,2.216071891784667969e+01
5.398214721679687500e+01,-2.694641876220703125e+01,-6.708929443359375000e+01,4.005358886718750000e+01
1.162500381469726562e+01,-3.144642066955566406e+01,3.355356216430664062e+01,-1.373214721679687500e+01
3.203572082519531250e+01,-2.182142829895019531e+01,-8.810715484619140625e+01,7.789287567138671875e+01
3.576786804199218750e+01,-2.880356979370117188e+01,-6.480357360839843750e+01,5.783929061889648438e+01
2.201786804199218750e+01,-2.862498664855957031e+01,-7.726786804199218750e+01,8.387500000000000000e+01
6.730358886718750000e+01,-1.991070938110351562e+01,-1.169644165039062500e+01,-3.569641876220703125e+01
5.110716247558593750e+01,-1.917856979370117188e+01,-3.946427154541015625e+01,7.535691261291503906e+00
6.696429443359375000e+01,-2.503571891784667969e+01,-5.160713195800781250e+01,9.678554534912109375e+00
7.292855834960937500e+01,-3.578572845458984375e+01,3.678569793701171875e+01,-7.392853546142578125e+01
1.764286041259765625e+01,-3.421427917480468750e+01,1.178572082519531250e+01,4.785692214965820312e+00
1.437500476837158203e+01,-3.576785659790039062e+01,5.794644546508789062e+01,-3.655358505249023438e+01
-5.714282989501953125e+00,-3.542856979370117188e+01,5.928571701049804688e+00,3.521430969238281250e+01
2.932142257690429688e+01,-3.082142448425292969e+01,9.067858123779296875e+01,-8.917858886718750000e+01
-1.651786422729492188e+01,-6.658928680419921875e+01,3.755358123779296875e+01,4.555355834960937500e+01
-1.175000095367431641e+01,-5.789286422729492188e+01,5.660713195800781250e+01,1.303572940826416016e+01
-1.612499618530273438e+01,-4.248215484619140625e+01,3.730358886718750000e+01,2.130355453491210938e+01
8.160701751708984375e+00,-4.498213195800781250e+01,-3.141073989868164062e+01,6.823213958740234375e+01
5.776784515380859375e+01,-4.437500000000000000e+01,-3.266069793701171875e+01,1.926786613464355469e+01
1.161071701049804688e+02,-2.817857742309570312e+01,-1.036071319580078125e+02,1.567855167388916016e+01
2.412499237060546875e+01,-2.658928298950195312e+01,-5.108930587768554688e+01,5.355358123779296875e+01
3.194643211364746094e+01,-3.098215103149414062e+01,-1.505358123779296875e+01,1.408929824829101562e+01
2.062499237060546875e+01,-3.008929061889648438e+01,-6.058927154541015625e+01,7.005356597900390625e+01
6.089287567138671875e+01,-2.489285278320312500e+01,-1.134642944335937500e+02,7.746427917480468750e+01
9.792855072021484375e+01,-3.542856597900390625e+01,-7.814289093017578125e+01,1.564286613464355469e+01
8.992855834960937500e+01,-5.285713195800781250e+00,-4.449998855590820312e+01,-4.014286041259765625e+01
2.442858695983886719e+01,-2.328571701049804688e+01,-1.060714340209960938e+02,1.049285964965820312e+02
2.653571891784667969e+01,-2.782143402099609375e+01,-4.132140731811523438e+01,4.260713958740234375e+01
4.628570938110351562e+01,-2.099999618530273438e+01,4.571411132812500000e+00,-2.985713195800781250e+01
2.912500190734863281e+01,-2.816070938110351562e+01,5.357933044433593750e-02,-1.017860412597656250e+00
6.337501525878906250e+01,-2.891071319580078125e+01,-1.612499237060546875e+01,-1.833929061889648438e+01
1.270178756713867188e+02,-3.055357360839843750e+01,-4.591070175170898438e+01,-5.055357360839843750e+01
2.762499237060546875e+01,-3.287501525878906250e+01,-2.973213768005371094e+01,3.498215484619140625e+01
5.107130050659179688e+00,-2.839286041259765625e+01,-1.041785888671875000e+02,1.274643249511718750e+02
2.744643783569335938e+01,-2.862499618530273438e+01,-3.976785278320312500e+01,4.094642639160156250e+01
4.621428298950195312e+01,-2.228571319580078125e+01,-7.249998474121093750e+01,4.857143402099609375e+01
2.344645690917968750e+01,-2.705356216430664062e+01,-2.769642257690429688e+01,3.130356597900390625e+01
3.458929443359375000e+01,-2.762500381469726562e+01,-2.605358886718750000e+01,1.908929824829101562e+01
3.617856597900390625e+01,-2.596429061889648438e+01,1.660715103149414062e+01,-2.682143592834472656e+01
1.205357055664062500e+02,-2.846429061889648438e+01,-1.247500076293945312e+02,3.267860412597656250e+01
1.749996185302734375e+00,-3.217856597900390625e+01,4.903571319580078125e+01,-1.860714149475097656e+01
2.658929061889648438e+01,-2.948213386535644531e+01,2.780358123779296875e+01,-2.491070175170898438e+01
8.071429443359375000e+01,-1.428571033477783203e+01,-1.857145309448242188e+00,-6.457144165039062500e+01
6.598214721679687500e+01,3.126785659790039062e+01,-2.973215103149414062e+01,-6.751788330078125000e+01
1.576785659790039062e+01,3.124997138977050781e+00,-8.066073608398437500e+01,6.176785659790039062e+01
-8.214321136474609375e-01,4.174999618530273438e+01,-5.389287185668945312e+01,1.296429443359375000e+01
-7.892859458923339844e+00,-5.846429443359375000e+01,2.632143402099609375e+01,4.003570938110351562e+01
6.037500000000000000e+01,-4.676786041259765625e+01,-4.719643783569335938e+01,3.358927917480468750e+01
5.689282989501953125e+01,-4.482142639160156250e+01,-2.839285850524902344e+01,1.632143020629882812e+01
1.143928833007812500e+02,-2.989286041259765625e+01,-9.903572082519531250e+01,1.453570747375488281e+01
1.199464340209960938e+02,-2.891072082519531250e+01,-1.027678604125976562e+02,1.173214817047119141e+01
1.483928298950195312e+01,-2.251785850524902344e+01,3.905356597900390625e+01,-3.137498474121093750e+01
4.312500762939453125e+01,-1.866071319580078125e+01,1.014821548461914062e+02,-1.259464111328125000e+02
1.045178527832031250e+02,-6.625000000000000000e+00,6.130357360839843750e+01,-1.591964263916015625e+02
4.451784896850585938e+01,-2.055356597900390625e+01,-3.383927917480468750e+01,9.875000000000000000e+00
2.973214721679687500e+01,-2.176785850524902344e+01,-9.798217773437500000e+01,9.001786041259765625e+01
8.482144165039062500e+01,-5.250005245208740234e+00,-5.075000762939453125e+01,-2.882143402099609375e+01
4.976785278320312500e+01,-1.687500190734863281e+01,2.133927917480468750e+01,-5.423214721679687500e+01
9.553567886352539062e+00,-3.416071319580078125e+01,-8.930397033691406250e-02,2.469643402099609375e+01
3.405356597900390625e+01,-2.844643402099609375e+01,4.833930587768554688e+01,-5.394641876220703125e+01
1.483035888671875000e+02,-3.912500762939453125e+01,3.089282989501953125e+00,-1.122678756713867188e+02
1.529107360839843750e+02,2.169643211364746094e+01,-1.551787185668945312e+01,-1.590892944335937500e+02
-3.098213005065917969e+01,9.803573608398437500e+00,2.051784515380859375e+01,6.607227325439453125e-01
-6.814286041259765625e+01,-4.314285278320312500e+01,-6.892859649658203125e+01,1.802143096923828125e+02
-6.273216247558593750e+01,-2.137500000000000000e+01,-3.451787567138671875e+01,1.186250305175781250e+02
-6.503572082519531250e+01,-2.210714721679687500e+01,-5.624999618530273438e+01,1.433928527832031250e+02
-4.476786041259765625e+01,-1.383928680419921875e+01,1.101787757873535156e+01,4.758926391601562500e+01
4.305356597900390625e+01,-2.680357742309570312e+01,-2.480357360839843750e+01,8.553586959838867188e+00
1.256250228881835938e+02,-4.166072845458984375e+01,-1.823214340209960938e+01,-6.573212432861328125e+01
1.388928680419921875e+02,-2.839286422729492188e+01,-8.653570556640625000e+01,-2.396429061889648438e+01
1.498928527832031250e+02,-1.946428298950195312e+01,6.607145309448242188e+00,-1.370357360839843750e+02
6.248213577270507812e+01,-1.501785755157470703e+01,-9.517868041992187500e+00,-3.794643402099609375e+01
-5.860715103149414062e+01,-3.953572463989257812e+01,3.975000762939453125e+01,5.839286422729492188e+01
-5.062500000000000000e+01,1.723214340209960938e+01,-9.339281082153320312e+00,4.273216247558593750e+01
-4.330356216430664062e+01,1.383928680419921875e+01,-3.374984741210937500e+00,3.283926391601562500e+01
-7.414285278320312500e+01,3.714286804199218750e+00,6.850001525878906250e+01,1.928567886352539062e+00
3.707144165039062500e+01,9.235713958740234375e+01,-1.414285583496093750e+02,1.199998188018798828e+01
6.748215484619140625e+01,-5.116071701049804688e+01,-3.323215484619140625e+01,1.691072273254394531e+01
5.994642639160156250e+01,-4.191071319580078125e+01,-4.119641876220703125e+01,2.316072082519531250e+01
1.122499771118164062e+02,-3.132142448425292969e+01,-7.582142639160156250e+01,-5.107141494750976562e+00
5.962499618530273438e+01,-1.151785469055175781e+01,-2.160718917846679688e+00,-4.594644546508789062e+01
5.530356597900390625e+01,-1.169642829895019531e+01,-5.124990463256835938e+00,-3.848215484619140625e+01
-6.551786041259765625e+01,-2.423214530944824219e+01,-8.589286804199218750e+00,9.833929443359375000e+01
-6.321427917480468750e+01,-1.142857360839843750e+01,1.207143974304199219e+01,6.257144165039062500e+01
-5.357143402099609375e+01,-9.642854690551757812e+00,2.221426773071289062e+01,4.100000762939453125e+01
2.517858505249023438e+01,-2.917857360839843750e+01,-6.010713958740234375e+01,6.410715484619140625e+01
4.812500000000000000e+01,-3.980358505249023438e+01,-2.130357170104980469e+01,1.298214149475097656e+01
1.093035583496093750e+02,-3.998215484619140625e+01,2.880355834960937500e+01,-9.812500000000000000e+01
1.717321472167968750e+02,-2.162499618530273438e+01,5.330358123779296875e+01,-2.034107360839843750e+02
1.828571777343750000e+02,-1.221428298950195312e+01,-1.621429061889648438e+01,-1.544285888671875000e+02
8.855358123779296875e+01,7.191072082519531250e+01,-1.257321395874023438e+02,-3.473216247558593750e+01
-1.017500228881835938e+02,1.678572654724121094e+00,4.489286804199218750e+01,5.517857360839843750e+01
-1.176607284545898438e+02,-1.330357551574707031e+01,2.482128143310546875e+00,1.284821319580078125e+02
-1.000535888671875000e+02,8.787500000000000000e+01,-1.779107208251953125e+02,1.900893096923828125e+02
-8.591072082519531250e+01,-2.862500762939453125e+01,4.446443557739257812e+00,1.100892944335937500e+02
-6.078572845458984375e+01,-1.885714721679687500e+01,-3.585714721679687500e+01,1.155000457763671875e+02
-4.610714721679687500e+01,-1.939285278320312500e+01,6.392879486083984375e+00,5.910713958740234375e+01
4.824999237060546875e+01,4.882142639160156250e+01,-6.678556442260742188e+00,-9.039288330078125000e+01
1.169285583496093750e+02,8.042857360839843750e+01,-1.139285964965820312e+02,-8.342855834960937500e+01
1.380357208251953125e+02,-5.132142639160156250e+01,-4.167859649658203125e+01,-4.503571319580078125e+01
1.605892944335937500e+02,-1.662500190734863281e+01,1.375009536743164062e+00,-1.453393249511718750e+02
-9.678561210632324219e+00,-2.874999237060546875e+01,-3.660715484619140625e+01,7.503572845458984375e+01
-6.708928680419921875e+01,3.805357742309570312e+01,-5.580358505249023438e+01,8.483930206298828125e+01
-5.141071701049804688e+01,3.937500000000000000e+01,-6.124982833862304688e+00,1.816070175170898438e+01
-3.799998855590820312e+01,-1.721428680419921875e+01,3.692857742309570312e+01,1.828572463989257812e+01
3.496428298950195312e+01,3.046428680419921875e+01,1.803570938110351562e+01,-8.346428680419921875e+01
3.614287567138671875e+01,4.192857360839843750e+01,-9.135717010498046875e+01,1.328572273254394531e+01
6.760714721679687500e+01,-6.232142639160156250e+01,-2.553570556640625000e+01,2.024998664855957031e+01
6.653570556640625000e+01,-3.889286422729492188e+01,-7.310714721679687500e+01,4.546430206298828125e+01
1.029464263916015625e+02,-6.053568363189697266e+00,3.330358123779296875e+01,-1.301964263916015625e+02
1.608929824829101562e+01,-3.305356597900390625e+01,-2.633928871154785156e+01,4.330357742309570312e+01
-4.464286041259765625e+01,-2.171428680419921875e+01,-3.742858123779296875e+01,1.037857360839843750e+02
-4.344643020629882812e+01,-2.180356407165527344e+01,4.033929824829101562e+01,2.491070938110351562e+01
-6.450000000000000000e+01,-2.492857170104980469e+01,1.221428489685058594e+01,7.721431732177734375e+01
-4.685713958740234375e+01,-3.607143783569335938e+01,-2.350000572204589844e+01,1.064285812377929688e+02
-1.617856597900390625e+01,1.146428871154785156e+01,-3.125000000000000000e+01,3.596429443359375000e+01
-8.232141494750976562e+00,2.826785659790039062e+01,-1.387499809265136719e+01,-6.160720825195312500e+00
2.569643783569335938e+01,-5.780357360839843750e+01,1.541073226928710938e+01,1.669641876220703125e+01
1.460893249511718750e+02,-2.283928871154785156e+01,-8.855356597900390625e+01,-3.469642639160156250e+01
8.414287567138671875e+01,-3.900001144409179688e+01,-1.785713958740234375e+01,-2.728571510314941406e+01
-6.480357360839843750e+01,1.691071891784667969e+01,5.962499237060546875e+01,-1.173214912414550781e+01
-5.089284896850585938e+01,-5.535712242126464844e+00,1.189642944335937500e+02,-6.253572082519531250e+01
-7.935714721679687500e+01,-1.892857360839843750e+01,-6.242856597900390625e+01,1.607142944335937500e+02
-7.433929443359375000e+01,6.160715579986572266e+00,-9.226784515380859375e+01,1.604464416503906250e+02
-1.976784896850585938e+01,-3.941070556640625000e+01,-2.678546905517578125e-01,5.944643020629882812e+01
4.117856597900390625e+01,-1.967857170104980469e+01,-8.517861175537109375e+01,6.367860412597656250e+01
1.001071472167968750e+02,-1.203571319580078125e+01,-1.332143020629882812e+01,-7.474999237060546875e+01
8.251786041259765625e+01,-4.196430206298828125e+00,1.089294433593750000e+00,-7.941072082519531250e+01
2.516071701049804688e+01,-3.910717964172363281e+00,-3.119643402099609375e+01,9.946418762207031250e+00
4.683929443359375000e+01,4.741071319580078125e+01,-1.565893096923828125e+02,6.233929443359375000e+01
1.029464416503906250e+02,-4.005357742309570312e+01,-8.041072082519531250e+01,1.751785850524902344e+01
-8.357135772705078125e+00,-2.507143592834472656e+01,-3.864285659790039062e+01,7.207141113281250000e+01
4.658929061889648438e+01,5.180357360839843750e+01,-1.919642829895019531e+01,-7.919642639160156250e+01
-2.626785469055175781e+01,4.830357742309570312e+01,-3.876785278320312500e+01,1.673212242126464844e+01
1.898214340209960938e+01,1.255356979370117188e+01,-4.066073608398437500e+01,9.125004768371582031e+00
5.778571701049804688e+01,4.664285278320312500e+01,-2.942856788635253906e+01,-7.499999237060546875e+01
6.087500000000000000e+01,3.230357742309570312e+01,-4.269641113281250000e+01,-5.048216247558593750e+01
4.244643402099609375e+01,6.237500000000000000e+01,-1.049821548461914062e+02,1.607208251953125000e-01
6.476785278320312500e+01,-3.951785278320312500e+01,-7.494642639160156250e+01,4.969645309448242188e+01
8.892856597900390625e+00,-4.817856979370117188e+01,4.639287948608398438e+01,-7.107152938842773438e+00
-6.308929061889648438e+01,6.912500000000000000e+01,-9.023215484619140625e+01,8.419642639160156250e+01
-5.807143020629882812e+01,9.964286041259765625e+01,-8.114286804199218750e+01,3.957143020629882812e+01
-2.776785087585449219e+01,-2.191071319580078125e+01,5.016070556640625000e+01,-4.821414947509765625e-01
-6.107144355773925781e+00,-2.392855644226074219e+00,-9.417855834960937500e+01,1.026785736083984375e+02
-7.207142639160156250e+01,3.600000762939453125e+01,-1.077142944335937500e+02,1.437857208251953125e+02
-6.716072845458984375e+01,-1.816071701049804688e+01,-3.287501144409179688e+01,1.181964645385742188e+02
-1.308928298950195312e+01,-2.089286804199218750e+00,-2.937500953674316406e+01,4.455358123779296875e+01
-2.651784896850585938e+01,2.369642639160156250e+01,-7.080355834960937500e+01,7.362501525878906250e+01
9.832144927978515625e+01,-2.917857360839843750e+01,-6.839285278320312500e+01,-7.500038146972656250e-01
-4.210713577270507812e+01,6.967857360839843750e+01,-7.310714721679687500e+01,4.553571319580078125e+01
-7.142858123779296875e+01,-1.428570747375488281e+00,7.557142639160156250e+01,-2.714286804199218750e+00
-7.176786041259765625e+01,9.660715103149414062e+00,1.160893249511718750e+02,-5.398214721679687500e+01
-1.128214035034179688e+02,6.535717010498046875e+00,-1.025000381469726562e+01,1.165357208251953125e+02
-3.971428680419921875e+01,1.607142829895019531e+01,-3.028571891784667969e+01,5.392857360839843750e+01
-6.051784133911132812e+01,9.362500762939453125e+01,-7.880357360839843750e+01,4.569641876220703125e+01
-6.267856979370117188e+01,-2.475000572204589844e+01,-2.846429252624511719e+01,1.158928604125976562e+02
6.026785659790039062e+01,8.698215484619140625e+01,-1.494464111328125000e+02,2.196418762207031250e+00
6.364285278320312500e+01,-3.114285087585449219e+01,-2.678569412231445312e+01,-5.714286804199218750e+00
-6.067856597900390625e+01,-1.260713958740234375e+01,2.825000762939453125e+01,4.503570938110351562e+01
-1.449999809265136719e+01,4.671429061889648438e+01,-2.471428489685058594e+01,-7.500001907348632812e+00
-1.035705566406250000e+00,-4.610713958740234375e+01,-5.196430206298828125e+01,9.910714721679687500e+01
-1.483928680419921875e+01,-2.705357360839843750e+01,1.803575515747070312e+00,4.008927154541015625e+01
-1.696420669555664062e+00,5.708928680419921875e+01,-2.083927536010742188e+01,-3.455358505249023438e+01
-1.524999618530273438e+01,8.289286041259765625e+01,-4.160713958740234375e+01,-2.603572082519531250e+01
4.816072082519531250e+01,5.566072082519531250e+01,-9.026783752441406250e+01,-1.355356788635253906e+01
5.267858123779296875e+01,1.043214416503906250e+02,-1.305357055664062500e+02,-2.646428489685058594e+01
5.108928298950195312e+01,1.987499809265136719e+01,-4.598217391967773438e+01,-2.498213386535644531e+01
1.278570175170898438e+01,5.464286041259765625e+01,-1.227857284545898438e+02,5.535714721679687500e+01
6.764285278320312500e+01,-4.007143402099609375e+01,-6.200000762939453125e+01,3.442858886718750000e+01
-2.071429443359375000e+01,8.485714721679687500e+01,1.257141304016113281e+01,-7.671427917480468750e+01
-8.783928680419921875e+01,-1.033928871154785156e+01,1.558930015563964844e+01,8.258928680419921875e+01
-5.230357742309570312e+01,4.769643783569335938e+01,-8.803575515747070312e+00,1.341072463989257812e+01
-2.037500762939453125e+01,-3.673214340209960938e+01,-6.894644927978515625e+01,1.260535888671875000e+02
-5.814285278320312500e+01,-2.878571701049804688e+01,-4.421427917480468750e+01,1.311428375244140625e+02
-7.312500762939453125e+01,-1.267853736877441406e+00,-3.212498474121093750e+01,1.065178604125976562e+02
-6.983927917480468750e+01,-6.053569793701171875e+00,-3.798214721679687500e+01,1.138749847412109375e+02
-5.575000381469726562e+01,7.607144355773925781e+00,-5.239285659790039062e+01,1.005357513427734375e+02
-5.544643402099609375e+01,2.091071510314941406e+01,-4.108929061889648438e+01,7.562499237060546875e+01
5.475000000000000000e+01,-3.160713958740234375e+01,-9.178564071655273438e+00,-1.396425914764404297e+01
-3.617857360839843750e+01,5.017858123779296875e+01,-9.875001525878906250e+01,8.475002288818359375e+01
-5.892855644226074219e+00,1.953571510314941406e+01,4.749996185302734375e+00,-1.839285659790039062e+01
-3.151786422729492188e+01,3.719642639160156250e+01,-7.658930206298828125e+01,7.091070556640625000e+01
-7.389286041259765625e+01,2.960713958740234375e+01,-1.083214263916015625e+02,1.526071777343750000e+02
-3.114286422729492188e+01,6.714286327362060547e+00,-6.650000000000000000e+01,9.092857360839843750e+01
-2.841070175170898438e+01,2.430357170104980469e+01,-1.214821319580078125e+02,1.255893096923828125e+02
-1.301785564422607422e+01,-2.923214721679687500e+01,-2.987500381469726562e+01,7.212500000000000000e+01
4.185714340209960938e+01,7.885715484619140625e+01,-4.907141494750976562e+01,-7.164287567138671875e+01
5.028572082519531250e+01,4.121428298950195312e+01,-6.142859649658203125e+01,-3.007143783569335938e+01
-3.146427917480468750e+01,2.667856979370117188e+01,8.989285278320312500e+01,-8.510712432861328125e+01
-7.510714721679687500e+01,5.032142639160156250e+01,-9.107124328613281250e+00,3.389283370971679688e+01
8.369643402099609375e+01,7.698213958740234375e+01,-7.901786804199218750e+01,-8.166071319580078125e+01
-3.866069793701171875e+01,-3.473213958740234375e+01,-9.017858505249023438e+00,8.241069030761718750e+01
-6.489286804199218750e+01,4.496428680419921875e+01,2.482142448425292969e+01,-4.892866134643554688e+00
-6.712500762939453125e+01,7.637500000000000000e+01,1.880358695983886719e+01,-2.805357933044433594e+01
-1.462498474121093750e+01,1.273214817047119141e+01,-2.267850875854492188e+00,4.160701751708984375e+00
-5.144643402099609375e+01,3.855357360839843750e+01,-2.637499809265136719e+01,3.926785278320312500e+01
7.594642639160156250e+01,7.487500762939453125e+01,-5.783926773071289062e+01,-9.298216247558593750e+01
5.517856597900390625e+01,5.489286041259765625e+01,-2.160715675354003906e+01,-8.846427154541015625e+01
1.021071701049804688e+02,-3.453570938110351562e+01,-9.964300155639648438e+00,-5.760714721679687500e+01
-1.353214416503906250e+02,4.882142639160156250e+01,-2.589286422729492188e+01,1.123928527832031250e+02
-7.849999237060546875e+01,-2.614286422729492188e+01,4.128572082519531250e+01,6.335713958740234375e+01
-1.040357055664062500e+02,1.132143020629882812e+01,1.010715675354003906e+01,8.260712432861328125e+01
-7.483930206298828125e+01,5.887500762939453125e+01,4.173214340209960938e+01,-2.576784515380859375e+01
-5.932143402099609375e+01,-4.746427536010742188e+01,3.689286041259765625e+01,6.989285278320312500e+01
-4.010714721679687500e+01,3.535714626312255859e+00,7.117857360839843750e+01,-3.460713958740234375e+01
-8.741073608398437500e+01,-1.719642639160156250e+01,1.005892944335937500e+02,4.017869472503662109e+00
-6.378570938110351562e+01,-9.714286804199218750e+00,4.728571319580078125e+01,2.621427917480468750e+01
-2.794643402099609375e+01,2.826785469055175781e+01,1.698214530944824219e+01,-1.730356597900390625e+01
7.421426391601562500e+01,-3.935713958740234375e+01,-8.757144927978515625e+01,5.271428298950195312e+01
-3.405358123779296875e+01,5.916071319580078125e+01,-7.541072082519531250e+01,5.030358505249023438e+01
-4.480357360839843750e+01,2.191071701049804688e+01,-9.751785278320312500e+01,1.204107055664062500e+02
-4.794643020629882812e+01,3.141071510314941406e+01,-1.086607284545898438e+02,1.251964416503906250e+02
-5.869644927978515625e+01,3.487500381469726562e+01,-9.612501525878906250e+01,1.199464492797851562e+02
-8.453571319580078125e+01,9.535717010498046875e+00,-9.989286804199218750e+01,1.748928680419921875e+02
-2.774999427795410156e+01,6.725000762939453125e+01,6.607130050659179688e+00,-4.610712432861328125e+01
-5.387500000000000000e+01,-5.258928680419921875e+01,8.726786804199218750e+01,1.919642257690429688e+01
-3.028572654724121094e+01,6.935714721679687500e+01,1.985715484619140625e+01,-5.892858123779296875e+01
-5.335713958740234375e+01,3.850000762939453125e+01,5.585713577270507812e+01,-4.099999237060546875e+01
-3.521427917480468750e+01,8.714282989501953125e+00,-2.828572463989257812e+01,5.478570556640625000e+01
-8.180355834960937500e+01,4.805358123779296875e+01,-2.380359268188476562e+01,5.755357742309570312e+01
1.183929443359375000e+01,3.348215103149414062e+01,-1.095892944335937500e+02,6.426784515380859375e+01
-7.316070556640625000e+01,6.250028610229492188e-01,8.624996185302734375e+00,6.391070556640625000e+01
-8.928394317626953125e-02,4.098213958740234375e+01,8.005357360839843750e+01,-1.209464263916015625e+02
-4.483928680419921875e+01,7.466071319580078125e+01,-3.762500381469726562e+01,7.803581237792968750e+00
-8.249998092651367188e+00,4.803570556640625000e+01,-3.725001525878906250e+01,-2.535694122314453125e+00
-3.542856979370117188e+01,7.642857360839843750e+01,-9.107144165039062500e+01,5.007143020629882812e+01
7.946427345275878906e+00,7.930356597900390625e+01,-1.434821472167968750e+02,5.623216629028320312e+01
7.382143402099609375e+01,3.917857742309570312e+01,-1.739285278320312500e+01,-9.560712432861328125e+01
9.746428680419921875e+01,-4.182143402099609375e+01,-1.610713577270507812e+01,-3.953574752807617188e+01
-1.384642639160156250e+02,6.760714721679687500e+01,-3.346426010131835938e+01,1.043213958740234375e+02
-7.421429443359375000e+01,-2.364285850524902344e+01,5.050000000000000000e+01,4.735715484619140625e+01
-8.653570556640625000e+01,3.928518295288085938e-01,2.525000762939453125e+01,6.089284515380859375e+01
-3.898214340209960938e+01,5.080357742309570312e+01,5.108928680419921875e+01,-6.291073226928710938e+01
-4.676786804199218750e+01,-1.625002861022949219e+00,5.537500000000000000e+01,-6.982141494750976562e+00
-6.087503051757812500e+01,2.624997138977050781e+00,1.204107055664062500e+02,-6.216069412231445312e+01
-9.724999237060546875e+01,-2.182143402099609375e+01,9.182142639160156250e+01,2.725000762939453125e+01
-7.210714721679687500e+01,-1.339285659790039062e+01,7.139286804199218750e+01,1.410715866088867188e+01
-3.621427917480468750e+01,2.392856979370117188e+01,4.907141876220703125e+01,-3.678572082519531250e+01
5.501785278320312500e+01,7.908929443359375000e+01,-1.098393096923828125e+02,-2.426786422729492188e+01
-5.626783370971679688e+01,3.158928489685058594e+01,-3.762498855590820312e+01,6.230355453491210938e+01
1.285721778869628906e+00,3.107143020629882812e+01,-2.085713195800781250e+01,-1.150001525878906250e+01
-7.719643402099609375e+01,3.673213958740234375e+01,-1.271250076293945312e+02,1.675893096923828125e+02
-9.535713958740234375e+01,3.714286041259765625e+01,-6.850000762939453125e+01,1.267142639160156250e+02
-8.341070556640625000e+01,2.732142448425292969e+00,-2.355357360839843750e+01,1.042321548461914062e+02
-1.070714263916015625e+02,7.714286041259765625e+01,-1.071428527832031250e+02,1.370714569091796875e+02
-2.758928871154785156e+01,-1.366071319580078125e+01,1.025535736083984375e+02,-6.130356597900390625e+01
-6.369641876220703125e+01,-1.696425437927246094e+00,1.687500762939453125e+01,4.851783752441406250e+01
-5.516071319580078125e+01,4.105357742309570312e+01,-7.666072082519531250e+01,9.076786041259765625e+01
-3.335715103149414062e+01,4.778571701049804688e+01,-8.242857360839843750e+01,6.800003051757812500e+01
-4.703572463989257812e+01,3.139285659790039062e+01,-7.975001525878906250e+01,9.539285278320312500e+01
4.491071319580078125e+01,2.248214340209960938e+01,-1.258929824829101562e+01,-5.480356597900390625e+01
-2.364285850524902344e+01,2.178571319580078125e+01,-5.242859649658203125e+01,5.428571701049804688e+01
-4.257142639160156250e+01,3.271428680419921875e+01,6.742857360839843750e+01,-5.757144165039062500e+01
-2.782143402099609375e+01,7.810714721679687500e+01,-9.178567886352539062e+00,-4.110714721679687500e+01
-5.414286041259765625e+01,2.928571701049804688e+01,4.407143402099609375e+01,-1.921429443359375000e+01
-5.755356979370117188e+01,4.651786041259765625e+01,-1.029107360839843750e+02,1.139464416503906250e+02
-3.778572845458984375e+01,7.150000762939453125e+01,-6.614288330078125000e+01,3.242861938476562500e+01
8.319643402099609375e+01,-1.373214721679687500e+01,-7.830357360839843750e+01,8.839256286621093750e+00
9.392858123779296875e+01,-5.857145309448242188e+00,-3.250001525878906250e+01,-5.557141113281250000e+01
-1.442142944335937500e+02,1.657142829895019531e+01,-3.000011444091796875e+00,1.306428833007812500e+02
-6.407143402099609375e+01,-3.642860412597656250e+00,6.678573608398437500e+01,9.285507202148437500e-01
-8.226787567138671875e+01,2.401785659790039062e+01,4.051786041259765625e+01,1.773214721679687500e+01
-4.073214721679687500e+01,1.076785659790039062e+01,8.055356597900390625e+01,-5.058928298950195312e+01
-8.628572845458984375e+01,4.999971389770507812e-01,1.060714340209960938e+02,-2.028570938110351562e+01
-4.955357360839843750e+01,1.280357265472412109e+01,1.646607055664062500e+02,-1.279107360839843750e+02
-5.767855453491210938e+01,-1.382142639160156250e+01,1.411785736083984375e+02,-6.967858123779296875e+01
-7.891071319580078125e+01,3.035736083984375000e-01,1.318035736083984375e+02,-5.319643783569335938e+01
-5.948215866088867188e+01,9.803571701049804688e+00,1.664464569091796875e+02,-1.167678527832031250e+02
4.512500000000000000e+01,4.553571701049804688e+00,9.098216247558593750e+01,-1.406606903076171875e+02
-6.712501525878906250e+01,4.446426391601562500e+00,4.508930206298828125e+01,1.758929443359375000e+01
-5.228570175170898438e+01,1.507142639160156250e+01,1.421429061889648438e+01,2.300000000000000000e+01
-1.007500076293945312e+02,2.760714149475097656e+01,-3.925000381469726562e+01,1.123928680419921875e+02
-6.771427917480468750e+01,8.571430206298828125e+00,-7.085715484619140625e+01,1.300000152587890625e+02
-9.378572845458984375e+01,5.857141971588134766e+00,-4.507145690917968750e+01,1.330000610351562500e+02
-1.101428298950195312e+02,9.071430206298828125e+00,-2.642857933044433594e+01,1.274999923706054688e+02
-8.533929443359375000e+01,-1.998213958740234375e+01,8.944642639160156250e+01,1.587499237060546875e+01
-3.976787185668945312e+01,8.017858505249023438e+00,-3.955358123779296875e+01,7.130356597900390625e+01
-4.226786804199218750e+01,2.644643020629882812e+01,-4.083930206298828125e+01,5.666073608398437500e+01
-2.424999046325683594e+01,8.139286041259765625e+01,-1.803572273254394531e+01,-3.910713958740234375e+01
-2.401785659790039062e+01,8.548215484619140625e+01,-3.744643402099609375e+01,-2.401785469055175781e+01
4.214285659790039062e+01,7.600000762939453125e+01,-3.949998855590820312e+01,-7.864284515380859375e+01
2.928577423095703125e+00,2.785717010498046875e+00,6.107141876220703125e+01,-6.678572845458984375e+01
-1.307144927978515625e+01,4.428571701049804688e+01,1.339285736083984375e+02,-1.651428527832031250e+02
-1.923214721679687500e+01,8.476786804199218750e+01,7.869644165039062500e+01,-1.442321472167968750e+02
-4.369643783569335938e+01,9.517857551574707031e+00,9.394642639160156250e+01,-5.976783752441406250e+01
-3.933928680419921875e+01,3.508929061889648438e+01,8.037501525878906250e+01,-7.612499237060546875e+01
5.062501525878906250e+01,4.898215103149414062e+01,-3.844641113281250000e+01,-6.116072082519531250e+01
1.097678604125976562e+02,3.548213958740234375e+01,-5.387500381469726562e+01,-9.137501525878906250e+01
1.080356979370117188e+02,1.182143020629882812e+01,-2.667857170104980469e+01,-9.317857360839843750e+01
-5.944644546508789062e+01,-5.160712718963623047e+00,-2.001784133911132812e+01,8.462500000000000000e+01
-1.192857131958007812e+02,-1.992856788635253906e+01,2.128570556640625000e+01,1.179285659790039062e+02
-6.569642639160156250e+01,1.694642639160156250e+01,6.587499237060546875e+01,-1.712498092651367188e+01
-8.344643402099609375e+01,-1.451785659790039062e+01,1.088392944335937500e+02,-1.087501525878906250e+01
-1.147857360839843750e+02,-1.314286041259765625e+01,1.012857055664062500e+02,2.664287757873535156e+01
-6.435713958740234375e+01,1.385714530944824219e+01,1.144285888671875000e+02,-6.392858123779296875e+01
-7.866070556640625000e+01,-2.301785087585449219e+01,1.219107284545898438e+02,-2.023214340209960938e+01
-9.162500762939453125e+01,-2.833929061889648438e+01,1.295178833007812500e+02,-9.553586959838867188e+00
8.107145309448242188e+00,2.610714721679687500e+01,1.613214416503906250e+02,-1.955357666015625000e+02
9.182144165039062500e+01,-1.246428966522216797e+01,8.175000000000000000e+01,-1.611071472167968750e+02
-8.087500000000000000e+01,5.448214721679687500e+01,2.619643783569335938e+01,1.964263916015625000e-01
-9.964286041259765625e+01,3.542857742309570312e+01,2.350000000000000000e+01,4.071430969238281250e+01
-3.351786041259765625e+01,1.826785850524902344e+01,-9.017848968505859375e+00,2.426787567138671875e+01
-4.873213958740234375e+01,1.410714149475097656e+00,7.696426391601562500e+00,3.962498855590820312e+01
-5.851786804199218750e+01,2.733929061889648438e+01,-8.716072845458984375e+01,1.183393096923828125e+02
-9.817858886718750000e+01,1.360714149475097656e+01,-7.417858886718750000e+01,1.587500305175781250e+02
-9.883929443359375000e+01,-8.196428298950195312e+00,2.801787948608398438e+01,7.901783752441406250e+01
-1.326785659790039062e+01,6.401786041259765625e+01,-7.212500762939453125e+01,2.137498092651367188e+01
-1.093392944335937500e+02,4.051786041259765625e+01,-6.869643402099609375e+01,1.375178833007812500e+02
-4.760713577270507812e+01,3.867858123779296875e+01,-7.110714721679687500e+01,8.003571319580078125e+01
-3.321428680419921875e+01,7.071427917480468750e+01,-4.964284133911132812e+01,1.214285755157470703e+01
4.507143783569335938e+01,6.514286041259765625e+01,-4.242858123779296875e+01,-6.778571319580078125e+01
3.700001144409179688e+01,-2.942857551574707031e+01,5.700000381469726562e+01,-6.457142639160156250e+01
1.483929157257080078e+01,1.726785469055175781e+01,6.976786041259765625e+01,-1.018750228881835938e+02
4.930357360839843750e+01,6.373214721679687500e+01,3.001787185668945312e+01,-1.430535583496093750e+02
2.750000953674316406e+01,2.421427917480468750e+01,2.357143211364746094e+01,-7.528573608398437500e+01
-4.330356979370117188e+01,4.941071319580078125e+01,-3.408927917480468750e+01,2.798212051391601562e+01
4.151786041259765625e+01,2.966071701049804688e+01,-6.669644165039062500e+01,-4.482114791870117188e+00
1.104106826782226562e+02,2.905356597900390625e+01,-4.651785278320312500e+01,-9.294642639160156250e+01
6.164285659790039062e+01,-2.549999618530273438e+01,-7.835717010498046875e+01,4.221428680419921875e+01
4.812498474121093750e+01,3.676785278320312500e+01,-9.351785278320312500e+01,8.625019073486328125e+00
-1.169821395874023438e+02,-2.198213577270507812e+01,3.801786041259765625e+01,1.009464416503906250e+02
-5.608930587768554688e+01,-1.232148170471191406e+00,1.148392715454101562e+02,-5.751785278320312500e+01
-8.278572082519531250e+01,6.857143878936767578e+00,1.184286041259765625e+02,-4.250000762939453125e+01
-8.183930206298828125e+01,1.708928108215332031e+01,1.377321777343750000e+02,-7.298214721679687500e+01
-7.778572082519531250e+01,3.000000000000000000e+00,1.427857208251953125e+02,-6.800000000000000000e+01
-9.137500000000000000e+01,-2.708928680419921875e+01,1.131964569091796875e+02,5.267868041992187500e+00
-1.223750076293945312e+02,-2.001786041259765625e+01,1.099107131958007812e+02,3.248215484619140625e+01
7.214282989501953125e+00,1.228571319580078125e+01,8.214288330078125000e+01,-1.016428833007812500e+02
9.019641113281250000e+01,8.262500000000000000e+01,-3.035545349121093750e-01,-1.725178985595703125e+02
-5.269644165039062500e+01,-5.267861366271972656e+00,7.880358886718750000e+01,-2.083926773071289062e+01
-7.317858123779296875e+01,1.882143020629882812e+01,2.982144355773925781e+01,2.453570556640625000e+01
-7.891072845458984375e+01,-1.183928394317626953e+01,8.366072082519531250e+01,7.089290618896484375e+00
-1.076964340209960938e+02,1.244643020629882812e+01,3.308928680419921875e+01,6.216072082519531250e+01
-7.016072845458984375e+01,7.982141494750976562e+00,3.124988555908203125e+00,5.905358123779296875e+01
-1.085714416503906250e+02,2.971428680419921875e+01,-7.950001525878906250e+01,1.583571777343750000e+02
-7.137500000000000000e+01,-4.323215484619140625e+01,-4.380356597900390625e+01,1.584107513427734375e+02
1.296428680419921875e+01,6.046428680419921875e+01,-1.058214492797851562e+02,3.239284515380859375e+01
-1.108214416503906250e+02,7.560714721679687500e+01,-5.696427917480468750e+01,9.217858123779296875e+01
-8.932142639160156250e+01,8.225001525878906250e+01,-1.284642944335937500e+02,1.355357360839843750e+02
-6.230357742309570312e+01,6.698213195800781250e+01,-4.951786041259765625e+01,4.483929824829101562e+01
4.269643402099609375e+01,5.055356597900390625e+01,2.269642829895019531e+01,-1.159464340209960938e+02
4.519644165039062500e+01,-2.980356597900390625e+01,4.141068649291992188e+01,-5.680356597900390625e+01
7.644644165039062500e+01,4.637499618530273438e+01,7.301786804199218750e+01,-1.958392639160156250e+02
3.301784133911132812e+01,1.044642639160156250e+01,6.458929443359375000e+01,-1.080535812377929688e+02
6.294644165039062500e+01,-1.126785087585449219e+01,5.551787567138671875e+01,-1.071964416503906250e+02
-3.517849445343017578e+00,2.124999046325683594e+00,3.198215675354003906e+01,-3.058928871154785156e+01
9.680355072021484375e+01,3.166070938110351562e+01,-1.512498283386230469e+01,-1.133392791748046875e+02
9.782140350341796875e+01,1.439285278320312500e+01,-6.589287567138671875e+01,-4.632142639160156250e+01
6.462500762939453125e+01,-4.258929061889648438e+01,-7.137500000000000000e+01,4.933930206298828125e+01
5.601786804199218750e+01,2.366071701049804688e+01,-9.762503814697265625e+01,1.794642829895019531e+01
-2.673215484619140625e+01,-1.730357360839843750e+01,-1.130355834960937500e+01,5.533928680419921875e+01
-1.025892868041992188e+02,1.205357170104980469e+01,5.583929443359375000e+01,3.469644165039062500e+01
-4.449999237060546875e+01,2.171428489685058594e+01,1.094999847412109375e+02,-8.671429443359375000e+01
-4.839284896850585938e+01,-2.624999237060546875e+01,1.321785888671875000e+02,-5.753573226928710938e+01
-3.017857742309570312e+01,1.667857360839843750e+01,1.564642944335937500e+02,-1.429642944335937500e+02
-1.170714263916015625e+02,3.128572082519531250e+01,8.471427917480468750e+01,1.071408748626708984e+00
2.612501525878906250e+01,1.412500000000000000e+01,8.519644927978515625e+01,-1.254464569091796875e+02
1.079643020629882812e+02,7.464282989501953125e+00,2.967857742309570312e+01,-1.451071166992187500e+02
1.346250000000000000e+02,-3.501785278320312500e+01,1.006964187622070312e+02,-2.003035278320312500e+02
8.491073608398437500e+01,-1.680356597900390625e+01,-3.587498474121093750e+01,-3.223214721679687500e+01
-1.175535659790039062e+02,1.916071319580078125e+01,-1.624986648559570312e+00,1.000178527832031250e+02
-8.573217010498046875e+01,-2.173214340209960938e+01,8.776786804199218750e+01,1.969642639160156250e+01
-9.948214721679687500e+01,-9.839288711547851562e+00,-4.541071319580078125e+01,1.547321319580078125e+02
-1.056250076293945312e+02,9.446430206298828125e+00,-4.026787185668945312e+01,1.364464111328125000e+02
-1.289107360839843750e+02,5.094643020629882812e+01,-6.833928680419921875e+01,1.463036041259765625e+02
-1.469642639160156250e+01,-3.862501144409179688e+01,-5.912500000000000000e+01,1.124464645385742188e+02
-1.953570365905761719e+01,1.932143211364746094e+01,-7.517858123779296875e+01,7.539283752441406250e+01
-2.391071319580078125e+01,-3.339289665222167969e+00,-1.976787567138671875e+01,4.701786041259765625e+01
-5.432144165039062500e+01,6.489286041259765625e+01,-5.260713195800781250e+01,4.203572082519531250e+01
2.098215484619140625e+01,4.526786041259765625e+01,1.482147216796875000e+00,-6.773213195800781250e+01
4.517845153808593750e+00,5.923214340209960938e+01,3.773214721679687500e+01,-1.014821624755859375e+02
3.132142639160156250e+01,-2.182142639160156250e+01,7.689289855957031250e+01,-8.639289093017578125e+01
4.537500762939453125e+01,2.201786041259765625e+01,7.208931732177734375e+01,-1.394822082519531250e+02
2.278572082519531250e+01,2.578571891784667969e+01,6.128570938110351562e+01,-1.098571701049804688e+02
-3.107143974304199219e+01,1.742857360839843750e+01,-1.214288711547851562e+00,1.485715293884277344e+01
-2.858929443359375000e+01,-2.080357742309570312e+01,2.362501144409179688e+01,2.576785659790039062e+01
8.098212432861328125e+01,3.767857551574707031e+00,-5.216071701049804688e+01,-3.258928680419921875e+01
7.578572082519531250e+01,-4.307141876220703125e+01,-7.664286804199218750e+01,4.392857360839843750e+01
6.728573608398437500e+01,-3.835714340209960938e+01,-7.500002288818359375e+01,4.607142639160156250e+01
8.558930969238281250e+01,2.501785278320312500e+01,-7.012502288818359375e+01,-4.048216247558593750e+01
7.467858886718750000e+01,5.321429252624511719e+00,-7.753573608398437500e+01,-2.464273452758789062e+00
-2.391071319580078125e+01,4.803565979003906250e+00,-1.141071319580078125e+01,3.051783561706542969e+01
-1.541071605682373047e+01,-4.226786804199218750e+01,5.244644927978515625e+01,5.232139587402343750e+00
5.878570938110351562e+01,-1.778571510314941406e+01,1.222857513427734375e+02,-1.632857055664062500e+02
-2.374992847442626953e+00,-1.830356407165527344e+01,5.591073608398437500e+01,-3.523215484619140625e+01
-5.589288711547851562e+00,2.267855644226074219e+00,5.076786041259765625e+01,-4.744643402099609375e+01
7.766072845458984375e+01,-9.196426391601562500e+00,6.244642639160156250e+01,-1.309107360839843750e+02
1.061250152587890625e+02,-1.375000953674316406e+00,1.798215484619140625e+01,-1.227321472167968750e+02
1.047678604125976562e+02,-3.880358123779296875e+01,3.326783370971679688e+01,-9.923211669921875000e+01
1.076785659790039062e+02,-3.553571319580078125e+01,-2.189285659790039062e+01,-5.024998855590820312e+01
1.976785087585449219e+01,3.405357360839843750e+01,2.905357360839843750e+01,-8.287500762939453125e+01
-2.119642639160156250e+01,-1.476785659790039062e+01,1.637500953674316406e+01,1.958927917480468750e+01
-6.244643402099609375e+01,-1.951785278320312500e+01,-2.058929061889648438e+01,1.025535888671875000e+02
-9.517863273620605469e+00,-3.589291572570800781e+00,-9.066069030761718750e+01,1.037678680419921875e+02
1.289285469055175781e+01,-3.717857360839843750e+01,-1.022500152587890625e+02,1.265357208251953125e+02
-4.125015258789062500e+00,-3.648213958740234375e+01,-7.741069030761718750e+01,1.180178527832031250e+02
-2.767864227294921875e+00,-4.033929061889648438e+01,-1.111964111328125000e+02,1.543035736083984375e+02
-1.335714530944824219e+01,-2.850000000000000000e+01,6.428569793701171875e+00,3.542857360839843750e+01
-1.541428680419921875e+02,-3.592857360839843750e+01,4.378572845458984375e+01,1.462857055664062500e+02
-1.196429252624511719e+01,1.253571701049804688e+01,-1.167856407165527344e+01,1.110714530944824219e+01
8.892845153808593750e+00,-3.267858505249023438e+01,5.489288330078125000e+01,-3.110713958740234375e+01
2.089285659790039062e+01,-3.024999618530273438e+01,3.660714721679687500e+01,-2.725000762939453125e+01
-1.839287757873535156e+00,-3.183929443359375000e+01,6.123214721679687500e+01,-2.755357742309570312e+01
3.232144927978515625e+01,1.289285469055175781e+01,-1.025000000000000000e+01,-3.496430969238281250e+01
1.317856597900390625e+01,5.357160568237304688e-01,2.017857360839843750e+01,-3.389285659790039062e+01
1.118035736083984375e+02,-7.839288711547851562e+00,-1.962500190734863281e+01,-8.433926391601562500e+01
1.158214721679687500e+02,-2.782142639160156250e+01,-1.360713958740234375e+01,-7.439288330078125000e+01
7.755358886718750000e+01,-4.094642257690429688e+01,-7.187502288818359375e+01,3.526784515380859375e+01
6.583927917480468750e+01,-4.037499618530273438e+01,-7.058927917480468750e+01,4.512500762939453125e+01
6.541069030761718750e+01,-4.101786422729492188e+01,-7.037501525878906250e+01,4.598217773437500000e+01
1.108928756713867188e+02,-3.321429252624511719e+00,-2.075000572204589844e+01,-8.682144165039062500e+01
7.623213195800781250e+01,1.694643020629882812e+01,-7.405355834960937500e+01,-1.912499237060546875e+01
6.957141113281250000e+01,-3.271429443359375000e+01,-1.385713958740234375e+01,-2.299998474121093750e+01
-8.714282989501953125e+00,-3.835713958740234375e+01,3.071429061889648438e+01,1.635712051391601562e+01
2.223214721679687500e+01,-3.433927917480468750e+01,5.830356979370117188e+01,-4.619644927978515625e+01
1.472857208251953125e+02,-2.235713768005371094e+01,5.528570938110351562e+01,-1.802142791748046875e+02
1.096607055664062500e+02,-1.605357360839843750e+01,3.160722732543945312e+00,-9.676787567138671875e+01
6.998213195800781250e+01,-3.244643402099609375e+01,-2.144643402099609375e+01,-1.608929443359375000e+01
1.107678680419921875e+02,-3.587500000000000000e+01,2.076786041259765625e+01,-9.566071319580078125e+01
1.086964569091796875e+02,-3.237499618530273438e+01,-1.887501335144042969e+01,-5.744644165039062500e+01
1.089464111328125000e+02,1.987500190734863281e+01,-4.069644546508789062e+01,-8.812499237060546875e+01
-3.614285278320312500e+01,-1.571428871154785156e+01,-2.107143020629882812e+01,7.292857360839843750e+01
-2.346428871154785156e+01,-3.317858505249023438e+01,1.071586608886718750e-01,5.653571319580078125e+01
-3.028570175170898438e+01,3.228570938110351562e+01,-6.700002288818359375e+01,6.500000000000000000e+01
-1.078571701049804688e+01,-3.750000000000000000e+01,-5.107142639160156250e+01,9.935716247558593750e+01
7.107130050659179688e+00,-3.324999237060546875e+01,-1.064643020629882812e+02,1.326071624755859375e+02
-2.642871856689453125e+00,-3.757142257690429688e+01,-5.035715103149414062e+01,9.057144165039062500e+01
-3.076785659790039062e+01,-4.112501144409179688e+01,-2.076784706115722656e+01,9.266072082519531250e+01
8.357140350341796875e+01,-2.792857742309570312e+01,-7.414286041259765625e+01,1.850001335144042969e+01
-3.330357742309570312e+01,3.705357360839843750e+01,-2.875000000000000000e+00,-8.750000000000000000e-01
4.325001144409179688e+01,-2.003571319580078125e+01,6.717859649658203125e+01,-9.039285278320312500e+01
1.791071701049804688e+01,-3.251786041259765625e+01,3.883927536010742188e+01,-2.423213958740234375e+01
1.600000762939453125e+01,-1.964286041259765625e+01,5.042858886718750000e+01,-4.678572845458984375e+01
-4.982139587402343750e+00,-1.162500190734863281e+01,3.687500000000000000e+01,-2.026785278320312500e+01
7.933930969238281250e+01,-1.601785278320312500e+01,-1.666072082519531250e+01,-4.666072845458984375e+01
1.230178680419921875e+02,-3.219644165039062500e+01,-4.196434020996093750e+00,-8.662500000000000000e+01
7.510713195800781250e+01,-4.053570938110351562e+01,-6.967858123779296875e+01,3.510714721679687500e+01
7.664285278320312500e+01,-4.178570938110351562e+01,-7.707144927978515625e+01,4.221428298950195312e+01
6.469640350341796875e+01,-4.044642639160156250e+01,-6.944641876220703125e+01,4.519643402099609375e+01
6.453569030761718750e+01,-4.053570938110351562e+01,-6.860714721679687500e+01,4.460716247558593750e+01
6.049998474121093750e+01,-3.785713958740234375e+01,-6.935713958740234375e+01,4.671427917480468750e+01
7.514285278320312500e+01,-3.500000762939453125e+01,-5.799999237060546875e+01,1.785714721679687500e+01
1.082678756713867188e+02,-3.008929061889648438e+01,-9.160701751708984375e+00,-6.901786804199218750e+01
1.078214263916015625e+02,-3.424999618530273438e+01,1.053571701049804688e+01,-8.410716247558593750e+01
6.433927917480468750e+01,-4.458929443359375000e+01,-3.673211669921875000e+01,1.698214721679687500e+01
6.078570556640625000e+01,-4.785714340209960938e+01,-1.642858886718750000e+01,3.500022888183593750e+00
6.557142639160156250e+01,-5.335714721679687500e+01,-2.699999427795410156e+01,1.478573608398437500e+01
6.608930969238281250e+01,-4.741071319580078125e+01,-3.076786422729492188e+01,1.208928298950195312e+01
7.873217773437500000e+01,-4.062500381469726562e+01,-9.091073608398437500e+01,5.280355072021484375e+01
7.360714721679687500e+01,-4.339286041259765625e+01,-6.610715484619140625e+01,3.589286804199218750e+01
7.348216247558593750e+01,-4.087499618530273438e+01,-6.601786804199218750e+01,3.341070556640625000e+01
7.328573608398437500e+01,-3.985715484619140625e+01,-7.171429443359375000e+01,3.828571319580078125e+01
4.614286804199218750e+01,-5.228571701049804688e+01,-3.271425628662109375e+01,3.885714721679687500e+01
-3.621429061889648438e+01,-4.000000381469726562e+01,2.214267730712890625e+00,7.400003051757812500e+01
-2.469643402099609375e+01,-4.062501144409179688e+01,-3.355357360839843750e+01,9.887502288818359375e+01
-3.323215484619140625e+01,-4.008927917480468750e+01,-5.660724639892578125e+00,7.898217773437500000e+01
4.585712432861328125e+01,-4.728570556640625000e+01,-2.199999237060546875e+01,2.342857360839843750e+01
7.042860412597656250e+01,-4.057143783569335938e+01,-6.314287948608398438e+01,3.328571319580078125e+01
7.566074371337890625e+01,-4.733928680419921875e+01,-6.291074371337890625e+01,3.458927154541015625e+01
8.217859649658203125e+01,-4.410714721679687500e+01,-6.653575134277343750e+01,2.846427345275878906e+01
7.275000000000000000e+01,-4.589286804199218750e+01,-6.589283752441406250e+01,3.903574752807617188e+01
6.705358123779296875e+01,-2.937500000000000000e+01,-5.887500381469726562e+01,2.119642257690429688e+01
1.028750152587890625e+02,-3.412500000000000000e+01,-1.641070938110351562e+01,-5.233929443359375000e+01
1.111785888671875000e+02,-3.246428680419921875e+01,-2.932143211364746094e+01,-4.939286041259765625e+01
1.215357284545898438e+02,-2.553570938110351562e+01,-3.675002288818359375e+01,-5.925000762939453125e+01
7.748216247558593750e+01,-3.751785278320312500e+01,-7.887503814697265625e+01,3.891072082519531250e+01
7.610717773437500000e+01,-4.353572082519531250e+01,-6.860714721679687500e+01,3.603570556640625000e+01
7.689289855957031250e+01,-4.132143402099609375e+01,-7.439288330078125000e+01,3.882142639160156250e+01
